date_key,date,year,quarter,month,month_name,week,day,day_of_week,is_weekend,is_holiday,fiscal_quarter,fiscal_period
1,2022-01-01,2022,1,1,January,52,1,Saturday,True,True,1,2022-Q1
2,2022-01-02,2022,1,1,January,52,2,Sunday,True,False,1,2022-Q1
3,2022-01-03,2022,1,1,January,1,3,Monday,False,False,1,2022-Q1
4,2022-01-04,2022,1,1,January,1,4,Tuesday,False,False,1,2022-Q1
5,2022-01-05,2022,1,1,January,1,5,Wednesday,False,False,1,2022-Q1
6,2022-01-06,2022,1,1,January,1,6,Thursday,False,False,1,2022-Q1
7,2022-01-07,2022,1,1,January,1,7,Friday,False,False,1,2022-Q1
8,2022-01-08,2022,1,1,January,1,8,Saturday,True,False,1,2022-Q1
9,2022-01-09,2022,1,1,January,1,9,Sunday,True,False,1,2022-Q1
10,2022-01-10,2022,1,1,January,2,10,Monday,False,False,1,2022-Q1
11,2022-01-11,2022,1,1,January,2,11,Tuesday,False,False,1,2022-Q1
12,2022-01-12,2022,1,1,January,2,12,Wednesday,False,False,1,2022-Q1
13,2022-01-13,2022,1,1,January,2,13,Thursday,False,False,1,2022-Q1
14,2022-01-14,2022,1,1,January,2,14,Friday,False,False,1,2022-Q1
15,2022-01-15,2022,1,1,January,2,15,Saturday,True,False,1,2022-Q1
16,2022-01-16,2022,1,1,January,2,16,Sunday,True,False,1,2022-Q1
17,2022-01-17,2022,1,1,January,3,17,Monday,False,False,1,2022-Q1
18,2022-01-18,2022,1,1,January,3,18,Tuesday,False,False,1,2022-Q1
19,2022-01-19,2022,1,1,January,3,19,Wednesday,False,False,1,2022-Q1
20,2022-01-20,2022,1,1,January,3,20,Thursday,False,False,1,2022-Q1
21,2022-01-21,2022,1,1,January,3,21,Friday,False,False,1,2022-Q1
22,2022-01-22,2022,1,1,January,3,22,Saturday,True,False,1,2022-Q1
23,2022-01-23,2022,1,1,January,3,23,Sunday,True,False,1,2022-Q1
24,2022-01-24,2022,1,1,January,4,24,Monday,False,False,1,2022-Q1
25,2022-01-25,2022,1,1,January,4,25,Tuesday,False,False,1,2022-Q1
26,2022-01-26,2022,1,1,January,4,26,Wednesday,False,False,1,2022-Q1
27,2022-01-27,2022,1,1,January,4,27,Thursday,False,False,1,2022-Q1
28,2022-01-28,2022,1,1,January,4,28,Friday,False,False,1,2022-Q1
29,2022-01-29,2022,1,1,January,4,29,Saturday,True,False,1,2022-Q1
30,2022-01-30,2022,1,1,January,4,30,Sunday,True,False,1,2022-Q1
31,2022-01-31,2022,1,1,January,5,31,Monday,False,False,1,2022-Q1
32,2022-02-01,2022,1,2,February,5,1,Tuesday,False,False,1,2022-Q1
33,2022-02-02,2022,1,2,February,5,2,Wednesday,False,False,1,2022-Q1
34,2022-02-03,2022,1,2,February,5,3,Thursday,False,False,1,2022-Q1
35,2022-02-04,2022,1,2,February,5,4,Friday,False,False,1,2022-Q1
36,2022-02-05,2022,1,2,February,5,5,Saturday,True,False,1,2022-Q1
37,2022-02-06,2022,1,2,February,5,6,Sunday,True,False,1,2022-Q1
38,2022-02-07,2022,1,2,February,6,7,Monday,False,False,1,2022-Q1
39,2022-02-08,2022,1,2,February,6,8,Tuesday,False,False,1,2022-Q1
40,2022-02-09,2022,1,2,February,6,9,Wednesday,False,False,1,2022-Q1
41,2022-02-10,2022,1,2,February,6,10,Thursday,False,False,1,2022-Q1
42,2022-02-11,2022,1,2,February,6,11,Friday,False,False,1,2022-Q1
43,2022-02-12,2022,1,2,February,6,12,Saturday,True,False,1,2022-Q1
44,2022-02-13,2022,1,2,February,6,13,Sunday,True,False,1,2022-Q1
45,2022-02-14,2022,1,2,February,7,14,Monday,False,False,1,2022-Q1
46,2022-02-15,2022,1,2,February,7,15,Tuesday,False,False,1,2022-Q1
47,2022-02-16,2022,1,2,February,7,16,Wednesday,False,False,1,2022-Q1
48,2022-02-17,2022,1,2,February,7,17,Thursday,False,False,1,2022-Q1
49,2022-02-18,2022,1,2,February,7,18,Friday,False,False,1,2022-Q1
50,2022-02-19,2022,1,2,February,7,19,Saturday,True,False,1,2022-Q1
51,2022-02-20,2022,1,2,February,7,20,Sunday,True,False,1,2022-Q1
52,2022-02-21,2022,1,2,February,8,21,Monday,False,False,1,2022-Q1
53,2022-02-22,2022,1,2,February,8,22,Tuesday,False,False,1,2022-Q1
54,2022-02-23,2022,1,2,February,8,23,Wednesday,False,False,1,2022-Q1
55,2022-02-24,2022,1,2,February,8,24,Thursday,False,False,1,2022-Q1
56,2022-02-25,2022,1,2,February,8,25,Friday,False,False,1,2022-Q1
57,2022-02-26,2022,1,2,February,8,26,Saturday,True,False,1,2022-Q1
58,2022-02-27,2022,1,2,February,8,27,Sunday,True,False,1,2022-Q1
59,2022-02-28,2022,1,2,February,9,28,Monday,False,False,1,2022-Q1
60,2022-03-01,2022,1,3,March,9,1,Tuesday,False,False,1,2022-Q1
61,2022-03-02,2022,1,3,March,9,2,Wednesday,False,False,1,2022-Q1
62,2022-03-03,2022,1,3,March,9,3,Thursday,False,False,1,2022-Q1
63,2022-03-04,2022,1,3,March,9,4,Friday,False,False,1,2022-Q1
64,2022-03-05,2022,1,3,March,9,5,Saturday,True,False,1,2022-Q1
65,2022-03-06,2022,1,3,March,9,6,Sunday,True,False,1,2022-Q1
66,2022-03-07,2022,1,3,March,10,7,Monday,False,False,1,2022-Q1
67,2022-03-08,2022,1,3,March,10,8,Tuesday,False,False,1,2022-Q1
68,2022-03-09,2022,1,3,March,10,9,Wednesday,False,False,1,2022-Q1
69,2022-03-10,2022,1,3,March,10,10,Thursday,False,False,1,2022-Q1
70,2022-03-11,2022,1,3,March,10,11,Friday,False,False,1,2022-Q1
71,2022-03-12,2022,1,3,March,10,12,Saturday,True,False,1,2022-Q1
72,2022-03-13,2022,1,3,March,10,13,Sunday,True,False,1,2022-Q1
73,2022-03-14,2022,1,3,March,11,14,Monday,False,False,1,2022-Q1
74,2022-03-15,2022,1,3,March,11,15,Tuesday,False,False,1,2022-Q1
75,2022-03-16,2022,1,3,March,11,16,Wednesday,False,False,1,2022-Q1
76,2022-03-17,2022,1,3,March,11,17,Thursday,False,False,1,2022-Q1
77,2022-03-18,2022,1,3,March,11,18,Friday,False,False,1,2022-Q1
78,2022-03-19,2022,1,3,March,11,19,Saturday,True,False,1,2022-Q1
79,2022-03-20,2022,1,3,March,11,20,Sunday,True,False,1,2022-Q1
80,2022-03-21,2022,1,3,March,12,21,Monday,False,False,1,2022-Q1
81,2022-03-22,2022,1,3,March,12,22,Tuesday,False,False,1,2022-Q1
82,2022-03-23,2022,1,3,March,12,23,Wednesday,False,False,1,2022-Q1
83,2022-03-24,2022,1,3,March,12,24,Thursday,False,False,1,2022-Q1
84,2022-03-25,2022,1,3,March,12,25,Friday,False,False,1,2022-Q1
85,2022-03-26,2022,1,3,March,12,26,Saturday,True,False,1,2022-Q1
86,2022-03-27,2022,1,3,March,12,27,Sunday,True,False,1,2022-Q1
87,2022-03-28,2022,1,3,March,13,28,Monday,False,False,1,2022-Q1
88,2022-03-29,2022,1,3,March,13,29,Tuesday,False,False,1,2022-Q1
89,2022-03-30,2022,1,3,March,13,30,Wednesday,False,False,1,2022-Q1
90,2022-03-31,2022,1,3,March,13,31,Thursday,False,False,1,2022-Q1
91,2022-04-01,2022,2,4,April,13,1,Friday,False,False,2,2022-Q2
92,2022-04-02,2022,2,4,April,13,2,Saturday,True,False,2,2022-Q2
93,2022-04-03,2022,2,4,April,13,3,Sunday,True,False,2,2022-Q2
94,2022-04-04,2022,2,4,April,14,4,Monday,False,False,2,2022-Q2
95,2022-04-05,2022,2,4,April,14,5,Tuesday,False,False,2,2022-Q2
96,2022-04-06,2022,2,4,April,14,6,Wednesday,False,False,2,2022-Q2
97,2022-04-07,2022,2,4,April,14,7,Thursday,False,False,2,2022-Q2
98,2022-04-08,2022,2,4,April,14,8,Friday,False,False,2,2022-Q2
99,2022-04-09,2022,2,4,April,14,9,Saturday,True,False,2,2022-Q2
100,2022-04-10,2022,2,4,April,14,10,Sunday,True,False,2,2022-Q2
101,2022-04-11,2022,2,4,April,15,11,Monday,False,False,2,2022-Q2
102,2022-04-12,2022,2,4,April,15,12,Tuesday,False,False,2,2022-Q2
103,2022-04-13,2022,2,4,April,15,13,Wednesday,False,False,2,2022-Q2
104,2022-04-14,2022,2,4,April,15,14,Thursday,False,False,2,2022-Q2
105,2022-04-15,2022,2,4,April,15,15,Friday,False,False,2,2022-Q2
106,2022-04-16,2022,2,4,April,15,16,Saturday,True,False,2,2022-Q2
107,2022-04-17,2022,2,4,April,15,17,Sunday,True,False,2,2022-Q2
108,2022-04-18,2022,2,4,April,16,18,Monday,False,False,2,2022-Q2
109,2022-04-19,2022,2,4,April,16,19,Tuesday,False,False,2,2022-Q2
110,2022-04-20,2022,2,4,April,16,20,Wednesday,False,False,2,2022-Q2
111,2022-04-21,2022,2,4,April,16,21,Thursday,False,False,2,2022-Q2
112,2022-04-22,2022,2,4,April,16,22,Friday,False,False,2,2022-Q2
113,2022-04-23,2022,2,4,April,16,23,Saturday,True,False,2,2022-Q2
114,2022-04-24,2022,2,4,April,16,24,Sunday,True,False,2,2022-Q2
115,2022-04-25,2022,2,4,April,17,25,Monday,False,False,2,2022-Q2
116,2022-04-26,2022,2,4,April,17,26,Tuesday,False,False,2,2022-Q2
117,2022-04-27,2022,2,4,April,17,27,Wednesday,False,False,2,2022-Q2
118,2022-04-28,2022,2,4,April,17,28,Thursday,False,False,2,2022-Q2
119,2022-04-29,2022,2,4,April,17,29,Friday,False,False,2,2022-Q2
120,2022-04-30,2022,2,4,April,17,30,Saturday,True,False,2,2022-Q2
121,2022-05-01,2022,2,5,May,17,1,Sunday,True,False,2,2022-Q2
122,2022-05-02,2022,2,5,May,18,2,Monday,False,False,2,2022-Q2
123,2022-05-03,2022,2,5,May,18,3,Tuesday,False,False,2,2022-Q2
124,2022-05-04,2022,2,5,May,18,4,Wednesday,False,False,2,2022-Q2
125,2022-05-05,2022,2,5,May,18,5,Thursday,False,False,2,2022-Q2
126,2022-05-06,2022,2,5,May,18,6,Friday,False,False,2,2022-Q2
127,2022-05-07,2022,2,5,May,18,7,Saturday,True,False,2,2022-Q2
128,2022-05-08,2022,2,5,May,18,8,Sunday,True,False,2,2022-Q2
129,2022-05-09,2022,2,5,May,19,9,Monday,False,False,2,2022-Q2
130,2022-05-10,2022,2,5,May,19,10,Tuesday,False,False,2,2022-Q2
131,2022-05-11,2022,2,5,May,19,11,Wednesday,False,False,2,2022-Q2
132,2022-05-12,2022,2,5,May,19,12,Thursday,False,False,2,2022-Q2
133,2022-05-13,2022,2,5,May,19,13,Friday,False,False,2,2022-Q2
134,2022-05-14,2022,2,5,May,19,14,Saturday,True,False,2,2022-Q2
135,2022-05-15,2022,2,5,May,19,15,Sunday,True,False,2,2022-Q2
136,2022-05-16,2022,2,5,May,20,16,Monday,False,False,2,2022-Q2
137,2022-05-17,2022,2,5,May,20,17,Tuesday,False,False,2,2022-Q2
138,2022-05-18,2022,2,5,May,20,18,Wednesday,False,False,2,2022-Q2
139,2022-05-19,2022,2,5,May,20,19,Thursday,False,False,2,2022-Q2
140,2022-05-20,2022,2,5,May,20,20,Friday,False,False,2,2022-Q2
141,2022-05-21,2022,2,5,May,20,21,Saturday,True,False,2,2022-Q2
142,2022-05-22,2022,2,5,May,20,22,Sunday,True,False,2,2022-Q2
143,2022-05-23,2022,2,5,May,21,23,Monday,False,False,2,2022-Q2
144,2022-05-24,2022,2,5,May,21,24,Tuesday,False,False,2,2022-Q2
145,2022-05-25,2022,2,5,May,21,25,Wednesday,False,False,2,2022-Q2
146,2022-05-26,2022,2,5,May,21,26,Thursday,False,False,2,2022-Q2
147,2022-05-27,2022,2,5,May,21,27,Friday,False,False,2,2022-Q2
148,2022-05-28,2022,2,5,May,21,28,Saturday,True,False,2,2022-Q2
149,2022-05-29,2022,2,5,May,21,29,Sunday,True,False,2,2022-Q2
150,2022-05-30,2022,2,5,May,22,30,Monday,False,False,2,2022-Q2
151,2022-05-31,2022,2,5,May,22,31,Tuesday,False,False,2,2022-Q2
152,2022-06-01,2022,2,6,June,22,1,Wednesday,False,False,2,2022-Q2
153,2022-06-02,2022,2,6,June,22,2,Thursday,False,False,2,2022-Q2
154,2022-06-03,2022,2,6,June,22,3,Friday,False,False,2,2022-Q2
155,2022-06-04,2022,2,6,June,22,4,Saturday,True,False,2,2022-Q2
156,2022-06-05,2022,2,6,June,22,5,Sunday,True,False,2,2022-Q2
157,2022-06-06,2022,2,6,June,23,6,Monday,False,False,2,2022-Q2
158,2022-06-07,2022,2,6,June,23,7,Tuesday,False,False,2,2022-Q2
159,2022-06-08,2022,2,6,June,23,8,Wednesday,False,False,2,2022-Q2
160,2022-06-09,2022,2,6,June,23,9,Thursday,False,False,2,2022-Q2
161,2022-06-10,2022,2,6,June,23,10,Friday,False,False,2,2022-Q2
162,2022-06-11,2022,2,6,June,23,11,Saturday,True,False,2,2022-Q2
163,2022-06-12,2022,2,6,June,23,12,Sunday,True,False,2,2022-Q2
164,2022-06-13,2022,2,6,June,24,13,Monday,False,False,2,2022-Q2
165,2022-06-14,2022,2,6,June,24,14,Tuesday,False,False,2,2022-Q2
166,2022-06-15,2022,2,6,June,24,15,Wednesday,False,False,2,2022-Q2
167,2022-06-16,2022,2,6,June,24,16,Thursday,False,False,2,2022-Q2
168,2022-06-17,2022,2,6,June,24,17,Friday,False,False,2,2022-Q2
169,2022-06-18,2022,2,6,June,24,18,Saturday,True,False,2,2022-Q2
170,2022-06-19,2022,2,6,June,24,19,Sunday,True,False,2,2022-Q2
171,2022-06-20,2022,2,6,June,25,20,Monday,False,False,2,2022-Q2
172,2022-06-21,2022,2,6,June,25,21,Tuesday,False,False,2,2022-Q2
173,2022-06-22,2022,2,6,June,25,22,Wednesday,False,False,2,2022-Q2
174,2022-06-23,2022,2,6,June,25,23,Thursday,False,False,2,2022-Q2
175,2022-06-24,2022,2,6,June,25,24,Friday,False,False,2,2022-Q2
176,2022-06-25,2022,2,6,June,25,25,Saturday,True,False,2,2022-Q2
177,2022-06-26,2022,2,6,June,25,26,Sunday,True,False,2,2022-Q2
178,2022-06-27,2022,2,6,June,26,27,Monday,False,False,2,2022-Q2
179,2022-06-28,2022,2,6,June,26,28,Tuesday,False,False,2,2022-Q2
180,2022-06-29,2022,2,6,June,26,29,Wednesday,False,False,2,2022-Q2
181,2022-06-30,2022,2,6,June,26,30,Thursday,False,False,2,2022-Q2
182,2022-07-01,2022,3,7,July,26,1,Friday,False,False,3,2022-Q3
183,2022-07-02,2022,3,7,July,26,2,Saturday,True,False,3,2022-Q3
184,2022-07-03,2022,3,7,July,26,3,Sunday,True,False,3,2022-Q3
185,2022-07-04,2022,3,7,July,27,4,Monday,False,False,3,2022-Q3
186,2022-07-05,2022,3,7,July,27,5,Tuesday,False,False,3,2022-Q3
187,2022-07-06,2022,3,7,July,27,6,Wednesday,False,False,3,2022-Q3
188,2022-07-07,2022,3,7,July,27,7,Thursday,False,False,3,2022-Q3
189,2022-07-08,2022,3,7,July,27,8,Friday,False,False,3,2022-Q3
190,2022-07-09,2022,3,7,July,27,9,Saturday,True,False,3,2022-Q3
191,2022-07-10,2022,3,7,July,27,10,Sunday,True,False,3,2022-Q3
192,2022-07-11,2022,3,7,July,28,11,Monday,False,False,3,2022-Q3
193,2022-07-12,2022,3,7,July,28,12,Tuesday,False,False,3,2022-Q3
194,2022-07-13,2022,3,7,July,28,13,Wednesday,False,False,3,2022-Q3
195,2022-07-14,2022,3,7,July,28,14,Thursday,False,False,3,2022-Q3
196,2022-07-15,2022,3,7,July,28,15,Friday,False,False,3,2022-Q3
197,2022-07-16,2022,3,7,July,28,16,Saturday,True,False,3,2022-Q3
198,2022-07-17,2022,3,7,July,28,17,Sunday,True,False,3,2022-Q3
199,2022-07-18,2022,3,7,July,29,18,Monday,False,False,3,2022-Q3
200,2022-07-19,2022,3,7,July,29,19,Tuesday,False,False,3,2022-Q3
201,2022-07-20,2022,3,7,July,29,20,Wednesday,False,False,3,2022-Q3
202,2022-07-21,2022,3,7,July,29,21,Thursday,False,False,3,2022-Q3
203,2022-07-22,2022,3,7,July,29,22,Friday,False,False,3,2022-Q3
204,2022-07-23,2022,3,7,July,29,23,Saturday,True,False,3,2022-Q3
205,2022-07-24,2022,3,7,July,29,24,Sunday,True,False,3,2022-Q3
206,2022-07-25,2022,3,7,July,30,25,Monday,False,False,3,2022-Q3
207,2022-07-26,2022,3,7,July,30,26,Tuesday,False,False,3,2022-Q3
208,2022-07-27,2022,3,7,July,30,27,Wednesday,False,False,3,2022-Q3
209,2022-07-28,2022,3,7,July,30,28,Thursday,False,False,3,2022-Q3
210,2022-07-29,2022,3,7,July,30,29,Friday,False,False,3,2022-Q3
211,2022-07-30,2022,3,7,July,30,30,Saturday,True,False,3,2022-Q3
212,2022-07-31,2022,3,7,July,30,31,Sunday,True,False,3,2022-Q3
213,2022-08-01,2022,3,8,August,31,1,Monday,False,False,3,2022-Q3
214,2022-08-02,2022,3,8,August,31,2,Tuesday,False,False,3,2022-Q3
215,2022-08-03,2022,3,8,August,31,3,Wednesday,False,False,3,2022-Q3
216,2022-08-04,2022,3,8,August,31,4,Thursday,False,False,3,2022-Q3
217,2022-08-05,2022,3,8,August,31,5,Friday,False,False,3,2022-Q3
218,2022-08-06,2022,3,8,August,31,6,Saturday,True,False,3,2022-Q3
219,2022-08-07,2022,3,8,August,31,7,Sunday,True,False,3,2022-Q3
220,2022-08-08,2022,3,8,August,32,8,Monday,False,False,3,2022-Q3
221,2022-08-09,2022,3,8,August,32,9,Tuesday,False,False,3,2022-Q3
222,2022-08-10,2022,3,8,August,32,10,Wednesday,False,False,3,2022-Q3
223,2022-08-11,2022,3,8,August,32,11,Thursday,False,False,3,2022-Q3
224,2022-08-12,2022,3,8,August,32,12,Friday,False,False,3,2022-Q3
225,2022-08-13,2022,3,8,August,32,13,Saturday,True,False,3,2022-Q3
226,2022-08-14,2022,3,8,August,32,14,Sunday,True,False,3,2022-Q3
227,2022-08-15,2022,3,8,August,33,15,Monday,False,False,3,2022-Q3
228,2022-08-16,2022,3,8,August,33,16,Tuesday,False,False,3,2022-Q3
229,2022-08-17,2022,3,8,August,33,17,Wednesday,False,False,3,2022-Q3
230,2022-08-18,2022,3,8,August,33,18,Thursday,False,False,3,2022-Q3
231,2022-08-19,2022,3,8,August,33,19,Friday,False,False,3,2022-Q3
232,2022-08-20,2022,3,8,August,33,20,Saturday,True,False,3,2022-Q3
233,2022-08-21,2022,3,8,August,33,21,Sunday,True,False,3,2022-Q3
234,2022-08-22,2022,3,8,August,34,22,Monday,False,False,3,2022-Q3
235,2022-08-23,2022,3,8,August,34,23,Tuesday,False,False,3,2022-Q3
236,2022-08-24,2022,3,8,August,34,24,Wednesday,False,False,3,2022-Q3
237,2022-08-25,2022,3,8,August,34,25,Thursday,False,False,3,2022-Q3
238,2022-08-26,2022,3,8,August,34,26,Friday,False,False,3,2022-Q3
239,2022-08-27,2022,3,8,August,34,27,Saturday,True,False,3,2022-Q3
240,2022-08-28,2022,3,8,August,34,28,Sunday,True,False,3,2022-Q3
241,2022-08-29,2022,3,8,August,35,29,Monday,False,False,3,2022-Q3
242,2022-08-30,2022,3,8,August,35,30,Tuesday,False,False,3,2022-Q3
243,2022-08-31,2022,3,8,August,35,31,Wednesday,False,False,3,2022-Q3
244,2022-09-01,2022,3,9,September,35,1,Thursday,False,False,3,2022-Q3
245,2022-09-02,2022,3,9,September,35,2,Friday,False,False,3,2022-Q3
246,2022-09-03,2022,3,9,September,35,3,Saturday,True,False,3,2022-Q3
247,2022-09-04,2022,3,9,September,35,4,Sunday,True,False,3,2022-Q3
248,2022-09-05,2022,3,9,September,36,5,Monday,False,False,3,2022-Q3
249,2022-09-06,2022,3,9,September,36,6,Tuesday,False,False,3,2022-Q3
250,2022-09-07,2022,3,9,September,36,7,Wednesday,False,False,3,2022-Q3
251,2022-09-08,2022,3,9,September,36,8,Thursday,False,False,3,2022-Q3
252,2022-09-09,2022,3,9,September,36,9,Friday,False,False,3,2022-Q3
253,2022-09-10,2022,3,9,September,36,10,Saturday,True,False,3,2022-Q3
254,2022-09-11,2022,3,9,September,36,11,Sunday,True,False,3,2022-Q3
255,2022-09-12,2022,3,9,September,37,12,Monday,False,False,3,2022-Q3
256,2022-09-13,2022,3,9,September,37,13,Tuesday,False,False,3,2022-Q3
257,2022-09-14,2022,3,9,September,37,14,Wednesday,False,False,3,2022-Q3
258,2022-09-15,2022,3,9,September,37,15,Thursday,False,False,3,2022-Q3
259,2022-09-16,2022,3,9,September,37,16,Friday,False,False,3,2022-Q3
260,2022-09-17,2022,3,9,September,37,17,Saturday,True,False,3,2022-Q3
261,2022-09-18,2022,3,9,September,37,18,Sunday,True,False,3,2022-Q3
262,2022-09-19,2022,3,9,September,38,19,Monday,False,False,3,2022-Q3
263,2022-09-20,2022,3,9,September,38,20,Tuesday,False,False,3,2022-Q3
264,2022-09-21,2022,3,9,September,38,21,Wednesday,False,False,3,2022-Q3
265,2022-09-22,2022,3,9,September,38,22,Thursday,False,False,3,2022-Q3
266,2022-09-23,2022,3,9,September,38,23,Friday,False,False,3,2022-Q3
267,2022-09-24,2022,3,9,September,38,24,Saturday,True,False,3,2022-Q3
268,2022-09-25,2022,3,9,September,38,25,Sunday,True,False,3,2022-Q3
269,2022-09-26,2022,3,9,September,39,26,Monday,False,False,3,2022-Q3
270,2022-09-27,2022,3,9,September,39,27,Tuesday,False,False,3,2022-Q3
271,2022-09-28,2022,3,9,September,39,28,Wednesday,False,False,3,2022-Q3
272,2022-09-29,2022,3,9,September,39,29,Thursday,False,False,3,2022-Q3
273,2022-09-30,2022,3,9,September,39,30,Friday,False,False,3,2022-Q3
274,2022-10-01,2022,4,10,October,39,1,Saturday,True,False,4,2022-Q4
275,2022-10-02,2022,4,10,October,39,2,Sunday,True,False,4,2022-Q4
276,2022-10-03,2022,4,10,October,40,3,Monday,False,False,4,2022-Q4
277,2022-10-04,2022,4,10,October,40,4,Tuesday,False,False,4,2022-Q4
278,2022-10-05,2022,4,10,October,40,5,Wednesday,False,False,4,2022-Q4
279,2022-10-06,2022,4,10,October,40,6,Thursday,False,False,4,2022-Q4
280,2022-10-07,2022,4,10,October,40,7,Friday,False,False,4,2022-Q4
281,2022-10-08,2022,4,10,October,40,8,Saturday,True,False,4,2022-Q4
282,2022-10-09,2022,4,10,October,40,9,Sunday,True,False,4,2022-Q4
283,2022-10-10,2022,4,10,October,41,10,Monday,False,False,4,2022-Q4
284,2022-10-11,2022,4,10,October,41,11,Tuesday,False,False,4,2022-Q4
285,2022-10-12,2022,4,10,October,41,12,Wednesday,False,False,4,2022-Q4
286,2022-10-13,2022,4,10,October,41,13,Thursday,False,False,4,2022-Q4
287,2022-10-14,2022,4,10,October,41,14,Friday,False,False,4,2022-Q4
288,2022-10-15,2022,4,10,October,41,15,Saturday,True,False,4,2022-Q4
289,2022-10-16,2022,4,10,October,41,16,Sunday,True,False,4,2022-Q4
290,2022-10-17,2022,4,10,October,42,17,Monday,False,False,4,2022-Q4
291,2022-10-18,2022,4,10,October,42,18,Tuesday,False,False,4,2022-Q4
292,2022-10-19,2022,4,10,October,42,19,Wednesday,False,False,4,2022-Q4
293,2022-10-20,2022,4,10,October,42,20,Thursday,False,False,4,2022-Q4
294,2022-10-21,2022,4,10,October,42,21,Friday,False,False,4,2022-Q4
295,2022-10-22,2022,4,10,October,42,22,Saturday,True,False,4,2022-Q4
296,2022-10-23,2022,4,10,October,42,23,Sunday,True,False,4,2022-Q4
297,2022-10-24,2022,4,10,October,43,24,Monday,False,False,4,2022-Q4
298,2022-10-25,2022,4,10,October,43,25,Tuesday,False,False,4,2022-Q4
299,2022-10-26,2022,4,10,October,43,26,Wednesday,False,False,4,2022-Q4
300,2022-10-27,2022,4,10,October,43,27,Thursday,False,False,4,2022-Q4
301,2022-10-28,2022,4,10,October,43,28,Friday,False,False,4,2022-Q4
302,2022-10-29,2022,4,10,October,43,29,Saturday,True,False,4,2022-Q4
303,2022-10-30,2022,4,10,October,43,30,Sunday,True,False,4,2022-Q4
304,2022-10-31,2022,4,10,October,44,31,Monday,False,False,4,2022-Q4
305,2022-11-01,2022,4,11,November,44,1,Tuesday,False,False,4,2022-Q4
306,2022-11-02,2022,4,11,November,44,2,Wednesday,False,False,4,2022-Q4
307,2022-11-03,2022,4,11,November,44,3,Thursday,False,False,4,2022-Q4
308,2022-11-04,2022,4,11,November,44,4,Friday,False,False,4,2022-Q4
309,2022-11-05,2022,4,11,November,44,5,Saturday,True,False,4,2022-Q4
310,2022-11-06,2022,4,11,November,44,6,Sunday,True,False,4,2022-Q4
311,2022-11-07,2022,4,11,November,45,7,Monday,False,False,4,2022-Q4
312,2022-11-08,2022,4,11,November,45,8,Tuesday,False,False,4,2022-Q4
313,2022-11-09,2022,4,11,November,45,9,Wednesday,False,False,4,2022-Q4
314,2022-11-10,2022,4,11,November,45,10,Thursday,False,False,4,2022-Q4
315,2022-11-11,2022,4,11,November,45,11,Friday,False,False,4,2022-Q4
316,2022-11-12,2022,4,11,November,45,12,Saturday,True,False,4,2022-Q4
317,2022-11-13,2022,4,11,November,45,13,Sunday,True,False,4,2022-Q4
318,2022-11-14,2022,4,11,November,46,14,Monday,False,False,4,2022-Q4
319,2022-11-15,2022,4,11,November,46,15,Tuesday,False,False,4,2022-Q4
320,2022-11-16,2022,4,11,November,46,16,Wednesday,False,False,4,2022-Q4
321,2022-11-17,2022,4,11,November,46,17,Thursday,False,False,4,2022-Q4
322,2022-11-18,2022,4,11,November,46,18,Friday,False,False,4,2022-Q4
323,2022-11-19,2022,4,11,November,46,19,Saturday,True,False,4,2022-Q4
324,2022-11-20,2022,4,11,November,46,20,Sunday,True,False,4,2022-Q4
325,2022-11-21,2022,4,11,November,47,21,Monday,False,False,4,2022-Q4
326,2022-11-22,2022,4,11,November,47,22,Tuesday,False,False,4,2022-Q4
327,2022-11-23,2022,4,11,November,47,23,Wednesday,False,False,4,2022-Q4
328,2022-11-24,2022,4,11,November,47,24,Thursday,False,False,4,2022-Q4
329,2022-11-25,2022,4,11,November,47,25,Friday,False,False,4,2022-Q4
330,2022-11-26,2022,4,11,November,47,26,Saturday,True,False,4,2022-Q4
331,2022-11-27,2022,4,11,November,47,27,Sunday,True,False,4,2022-Q4
332,2022-11-28,2022,4,11,November,48,28,Monday,False,False,4,2022-Q4
333,2022-11-29,2022,4,11,November,48,29,Tuesday,False,False,4,2022-Q4
334,2022-11-30,2022,4,11,November,48,30,Wednesday,False,False,4,2022-Q4
335,2022-12-01,2022,4,12,December,48,1,Thursday,False,False,4,2022-Q4
336,2022-12-02,2022,4,12,December,48,2,Friday,False,False,4,2022-Q4
337,2022-12-03,2022,4,12,December,48,3,Saturday,True,False,4,2022-Q4
338,2022-12-04,2022,4,12,December,48,4,Sunday,True,False,4,2022-Q4
339,2022-12-05,2022,4,12,December,49,5,Monday,False,False,4,2022-Q4
340,2022-12-06,2022,4,12,December,49,6,Tuesday,False,False,4,2022-Q4
341,2022-12-07,2022,4,12,December,49,7,Wednesday,False,False,4,2022-Q4
342,2022-12-08,2022,4,12,December,49,8,Thursday,False,False,4,2022-Q4
343,2022-12-09,2022,4,12,December,49,9,Friday,False,False,4,2022-Q4
344,2022-12-10,2022,4,12,December,49,10,Saturday,True,False,4,2022-Q4
345,2022-12-11,2022,4,12,December,49,11,Sunday,True,False,4,2022-Q4
346,2022-12-12,2022,4,12,December,50,12,Monday,False,False,4,2022-Q4
347,2022-12-13,2022,4,12,December,50,13,Tuesday,False,False,4,2022-Q4
348,2022-12-14,2022,4,12,December,50,14,Wednesday,False,False,4,2022-Q4
349,2022-12-15,2022,4,12,December,50,15,Thursday,False,False,4,2022-Q4
350,2022-12-16,2022,4,12,December,50,16,Friday,False,False,4,2022-Q4
351,2022-12-17,2022,4,12,December,50,17,Saturday,True,False,4,2022-Q4
352,2022-12-18,2022,4,12,December,50,18,Sunday,True,False,4,2022-Q4
353,2022-12-19,2022,4,12,December,51,19,Monday,False,False,4,2022-Q4
354,2022-12-20,2022,4,12,December,51,20,Tuesday,False,False,4,2022-Q4
355,2022-12-21,2022,4,12,December,51,21,Wednesday,False,False,4,2022-Q4
356,2022-12-22,2022,4,12,December,51,22,Thursday,False,False,4,2022-Q4
357,2022-12-23,2022,4,12,December,51,23,Friday,False,False,4,2022-Q4
358,2022-12-24,2022,4,12,December,51,24,Saturday,True,False,4,2022-Q4
359,2022-12-25,2022,4,12,December,51,25,Sunday,True,True,4,2022-Q4
360,2022-12-26,2022,4,12,December,52,26,Monday,False,False,4,2022-Q4
361,2022-12-27,2022,4,12,December,52,27,Tuesday,False,False,4,2022-Q4
362,2022-12-28,2022,4,12,December,52,28,Wednesday,False,False,4,2022-Q4
363,2022-12-29,2022,4,12,December,52,29,Thursday,False,False,4,2022-Q4
364,2022-12-30,2022,4,12,December,52,30,Friday,False,False,4,2022-Q4
365,2022-12-31,2022,4,12,December,52,31,Saturday,True,False,4,2022-Q4
366,2023-01-01,2023,1,1,January,52,1,Sunday,True,True,1,2023-Q1
367,2023-01-02,2023,1,1,January,1,2,Monday,False,False,1,2023-Q1
368,2023-01-03,2023,1,1,January,1,3,Tuesday,False,False,1,2023-Q1
369,2023-01-04,2023,1,1,January,1,4,Wednesday,False,False,1,2023-Q1
370,2023-01-05,2023,1,1,January,1,5,Thursday,False,False,1,2023-Q1
371,2023-01-06,2023,1,1,January,1,6,Friday,False,False,1,2023-Q1
372,2023-01-07,2023,1,1,January,1,7,Saturday,True,False,1,2023-Q1
373,2023-01-08,2023,1,1,January,1,8,Sunday,True,False,1,2023-Q1
374,2023-01-09,2023,1,1,January,2,9,Monday,False,False,1,2023-Q1
375,2023-01-10,2023,1,1,January,2,10,Tuesday,False,False,1,2023-Q1
376,2023-01-11,2023,1,1,January,2,11,Wednesday,False,False,1,2023-Q1
377,2023-01-12,2023,1,1,January,2,12,Thursday,False,False,1,2023-Q1
378,2023-01-13,2023,1,1,January,2,13,Friday,False,False,1,2023-Q1
379,2023-01-14,2023,1,1,January,2,14,Saturday,True,False,1,2023-Q1
380,2023-01-15,2023,1,1,January,2,15,Sunday,True,False,1,2023-Q1
381,2023-01-16,2023,1,1,January,3,16,Monday,False,False,1,2023-Q1
382,2023-01-17,2023,1,1,January,3,17,Tuesday,False,False,1,2023-Q1
383,2023-01-18,2023,1,1,January,3,18,Wednesday,False,False,1,2023-Q1
384,2023-01-19,2023,1,1,January,3,19,Thursday,False,False,1,2023-Q1
385,2023-01-20,2023,1,1,January,3,20,Friday,False,False,1,2023-Q1
386,2023-01-21,2023,1,1,January,3,21,Saturday,True,False,1,2023-Q1
387,2023-01-22,2023,1,1,January,3,22,Sunday,True,False,1,2023-Q1
388,2023-01-23,2023,1,1,January,4,23,Monday,False,False,1,2023-Q1
389,2023-01-24,2023,1,1,January,4,24,Tuesday,False,False,1,2023-Q1
390,2023-01-25,2023,1,1,January,4,25,Wednesday,False,False,1,2023-Q1
391,2023-01-26,2023,1,1,January,4,26,Thursday,False,False,1,2023-Q1
392,2023-01-27,2023,1,1,January,4,27,Friday,False,False,1,2023-Q1
393,2023-01-28,2023,1,1,January,4,28,Saturday,True,False,1,2023-Q1
394,2023-01-29,2023,1,1,January,4,29,Sunday,True,False,1,2023-Q1
395,2023-01-30,2023,1,1,January,5,30,Monday,False,False,1,2023-Q1
396,2023-01-31,2023,1,1,January,5,31,Tuesday,False,False,1,2023-Q1
397,2023-02-01,2023,1,2,February,5,1,Wednesday,False,False,1,2023-Q1
398,2023-02-02,2023,1,2,February,5,2,Thursday,False,False,1,2023-Q1
399,2023-02-03,2023,1,2,February,5,3,Friday,False,False,1,2023-Q1
400,2023-02-04,2023,1,2,February,5,4,Saturday,True,False,1,2023-Q1
401,2023-02-05,2023,1,2,February,5,5,Sunday,True,False,1,2023-Q1
402,2023-02-06,2023,1,2,February,6,6,Monday,False,False,1,2023-Q1
403,2023-02-07,2023,1,2,February,6,7,Tuesday,False,False,1,2023-Q1
404,2023-02-08,2023,1,2,February,6,8,Wednesday,False,False,1,2023-Q1
405,2023-02-09,2023,1,2,February,6,9,Thursday,False,False,1,2023-Q1
406,2023-02-10,2023,1,2,February,6,10,Friday,False,False,1,2023-Q1
407,2023-02-11,2023,1,2,February,6,11,Saturday,True,False,1,2023-Q1
408,2023-02-12,2023,1,2,February,6,12,Sunday,True,False,1,2023-Q1
409,2023-02-13,2023,1,2,February,7,13,Monday,False,False,1,2023-Q1
410,2023-02-14,2023,1,2,February,7,14,Tuesday,False,False,1,2023-Q1
411,2023-02-15,2023,1,2,February,7,15,Wednesday,False,False,1,2023-Q1
412,2023-02-16,2023,1,2,February,7,16,Thursday,False,False,1,2023-Q1
413,2023-02-17,2023,1,2,February,7,17,Friday,False,False,1,2023-Q1
414,2023-02-18,2023,1,2,February,7,18,Saturday,True,False,1,2023-Q1
415,2023-02-19,2023,1,2,February,7,19,Sunday,True,False,1,2023-Q1
416,2023-02-20,2023,1,2,February,8,20,Monday,False,False,1,2023-Q1
417,2023-02-21,2023,1,2,February,8,21,Tuesday,False,False,1,2023-Q1
418,2023-02-22,2023,1,2,February,8,22,Wednesday,False,False,1,2023-Q1
419,2023-02-23,2023,1,2,February,8,23,Thursday,False,False,1,2023-Q1
420,2023-02-24,2023,1,2,February,8,24,Friday,False,False,1,2023-Q1
421,2023-02-25,2023,1,2,February,8,25,Saturday,True,False,1,2023-Q1
422,2023-02-26,2023,1,2,February,8,26,Sunday,True,False,1,2023-Q1
423,2023-02-27,2023,1,2,February,9,27,Monday,False,False,1,2023-Q1
424,2023-02-28,2023,1,2,February,9,28,Tuesday,False,False,1,2023-Q1
425,2023-03-01,2023,1,3,March,9,1,Wednesday,False,False,1,2023-Q1
426,2023-03-02,2023,1,3,March,9,2,Thursday,False,False,1,2023-Q1
427,2023-03-03,2023,1,3,March,9,3,Friday,False,False,1,2023-Q1
428,2023-03-04,2023,1,3,March,9,4,Saturday,True,False,1,2023-Q1
429,2023-03-05,2023,1,3,March,9,5,Sunday,True,False,1,2023-Q1
430,2023-03-06,2023,1,3,March,10,6,Monday,False,False,1,2023-Q1
431,2023-03-07,2023,1,3,March,10,7,Tuesday,False,False,1,2023-Q1
432,2023-03-08,2023,1,3,March,10,8,Wednesday,False,False,1,2023-Q1
433,2023-03-09,2023,1,3,March,10,9,Thursday,False,False,1,2023-Q1
434,2023-03-10,2023,1,3,March,10,10,Friday,False,False,1,2023-Q1
435,2023-03-11,2023,1,3,March,10,11,Saturday,True,False,1,2023-Q1
436,2023-03-12,2023,1,3,March,10,12,Sunday,True,False,1,2023-Q1
437,2023-03-13,2023,1,3,March,11,13,Monday,False,False,1,2023-Q1
438,2023-03-14,2023,1,3,March,11,14,Tuesday,False,False,1,2023-Q1
439,2023-03-15,2023,1,3,March,11,15,Wednesday,False,False,1,2023-Q1
440,2023-03-16,2023,1,3,March,11,16,Thursday,False,False,1,2023-Q1
441,2023-03-17,2023,1,3,March,11,17,Friday,False,False,1,2023-Q1
442,2023-03-18,2023,1,3,March,11,18,Saturday,True,False,1,2023-Q1
443,2023-03-19,2023,1,3,March,11,19,Sunday,True,False,1,2023-Q1
444,2023-03-20,2023,1,3,March,12,20,Monday,False,False,1,2023-Q1
445,2023-03-21,2023,1,3,March,12,21,Tuesday,False,False,1,2023-Q1
446,2023-03-22,2023,1,3,March,12,22,Wednesday,False,False,1,2023-Q1
447,2023-03-23,2023,1,3,March,12,23,Thursday,False,False,1,2023-Q1
448,2023-03-24,2023,1,3,March,12,24,Friday,False,False,1,2023-Q1
449,2023-03-25,2023,1,3,March,12,25,Saturday,True,False,1,2023-Q1
450,2023-03-26,2023,1,3,March,12,26,Sunday,True,False,1,2023-Q1
451,2023-03-27,2023,1,3,March,13,27,Monday,False,False,1,2023-Q1
452,2023-03-28,2023,1,3,March,13,28,Tuesday,False,False,1,2023-Q1
453,2023-03-29,2023,1,3,March,13,29,Wednesday,False,False,1,2023-Q1
454,2023-03-30,2023,1,3,March,13,30,Thursday,False,False,1,2023-Q1
455,2023-03-31,2023,1,3,March,13,31,Friday,False,False,1,2023-Q1
456,2023-04-01,2023,2,4,April,13,1,Saturday,True,False,2,2023-Q2
457,2023-04-02,2023,2,4,April,13,2,Sunday,True,False,2,2023-Q2
458,2023-04-03,2023,2,4,April,14,3,Monday,False,False,2,2023-Q2
459,2023-04-04,2023,2,4,April,14,4,Tuesday,False,False,2,2023-Q2
460,2023-04-05,2023,2,4,April,14,5,Wednesday,False,False,2,2023-Q2
461,2023-04-06,2023,2,4,April,14,6,Thursday,False,False,2,2023-Q2
462,2023-04-07,2023,2,4,April,14,7,Friday,False,False,2,2023-Q2
463,2023-04-08,2023,2,4,April,14,8,Saturday,True,False,2,2023-Q2
464,2023-04-09,2023,2,4,April,14,9,Sunday,True,False,2,2023-Q2
465,2023-04-10,2023,2,4,April,15,10,Monday,False,False,2,2023-Q2
466,2023-04-11,2023,2,4,April,15,11,Tuesday,False,False,2,2023-Q2
467,2023-04-12,2023,2,4,April,15,12,Wednesday,False,False,2,2023-Q2
468,2023-04-13,2023,2,4,April,15,13,Thursday,False,False,2,2023-Q2
469,2023-04-14,2023,2,4,April,15,14,Friday,False,False,2,2023-Q2
470,2023-04-15,2023,2,4,April,15,15,Saturday,True,False,2,2023-Q2
471,2023-04-16,2023,2,4,April,15,16,Sunday,True,False,2,2023-Q2
472,2023-04-17,2023,2,4,April,16,17,Monday,False,False,2,2023-Q2
473,2023-04-18,2023,2,4,April,16,18,Tuesday,False,False,2,2023-Q2
474,2023-04-19,2023,2,4,April,16,19,Wednesday,False,False,2,2023-Q2
475,2023-04-20,2023,2,4,April,16,20,Thursday,False,False,2,2023-Q2
476,2023-04-21,2023,2,4,April,16,21,Friday,False,False,2,2023-Q2
477,2023-04-22,2023,2,4,April,16,22,Saturday,True,False,2,2023-Q2
478,2023-04-23,2023,2,4,April,16,23,Sunday,True,False,2,2023-Q2
479,2023-04-24,2023,2,4,April,17,24,Monday,False,False,2,2023-Q2
480,2023-04-25,2023,2,4,April,17,25,Tuesday,False,False,2,2023-Q2
481,2023-04-26,2023,2,4,April,17,26,Wednesday,False,False,2,2023-Q2
482,2023-04-27,2023,2,4,April,17,27,Thursday,False,False,2,2023-Q2
483,2023-04-28,2023,2,4,April,17,28,Friday,False,False,2,2023-Q2
484,2023-04-29,2023,2,4,April,17,29,Saturday,True,False,2,2023-Q2
485,2023-04-30,2023,2,4,April,17,30,Sunday,True,False,2,2023-Q2
486,2023-05-01,2023,2,5,May,18,1,Monday,False,False,2,2023-Q2
487,2023-05-02,2023,2,5,May,18,2,Tuesday,False,False,2,2023-Q2
488,2023-05-03,2023,2,5,May,18,3,Wednesday,False,False,2,2023-Q2
489,2023-05-04,2023,2,5,May,18,4,Thursday,False,False,2,2023-Q2
490,2023-05-05,2023,2,5,May,18,5,Friday,False,False,2,2023-Q2
491,2023-05-06,2023,2,5,May,18,6,Saturday,True,False,2,2023-Q2
492,2023-05-07,2023,2,5,May,18,7,Sunday,True,False,2,2023-Q2
493,2023-05-08,2023,2,5,May,19,8,Monday,False,False,2,2023-Q2
494,2023-05-09,2023,2,5,May,19,9,Tuesday,False,False,2,2023-Q2
495,2023-05-10,2023,2,5,May,19,10,Wednesday,False,False,2,2023-Q2
496,2023-05-11,2023,2,5,May,19,11,Thursday,False,False,2,2023-Q2
497,2023-05-12,2023,2,5,May,19,12,Friday,False,False,2,2023-Q2
498,2023-05-13,2023,2,5,May,19,13,Saturday,True,False,2,2023-Q2
499,2023-05-14,2023,2,5,May,19,14,Sunday,True,False,2,2023-Q2
500,2023-05-15,2023,2,5,May,20,15,Monday,False,False,2,2023-Q2
501,2023-05-16,2023,2,5,May,20,16,Tuesday,False,False,2,2023-Q2
502,2023-05-17,2023,2,5,May,20,17,Wednesday,False,False,2,2023-Q2
503,2023-05-18,2023,2,5,May,20,18,Thursday,False,False,2,2023-Q2
504,2023-05-19,2023,2,5,May,20,19,Friday,False,False,2,2023-Q2
505,2023-05-20,2023,2,5,May,20,20,Saturday,True,False,2,2023-Q2
506,2023-05-21,2023,2,5,May,20,21,Sunday,True,False,2,2023-Q2
507,2023-05-22,2023,2,5,May,21,22,Monday,False,False,2,2023-Q2
508,2023-05-23,2023,2,5,May,21,23,Tuesday,False,False,2,2023-Q2
509,2023-05-24,2023,2,5,May,21,24,Wednesday,False,False,2,2023-Q2
510,2023-05-25,2023,2,5,May,21,25,Thursday,False,False,2,2023-Q2
511,2023-05-26,2023,2,5,May,21,26,Friday,False,False,2,2023-Q2
512,2023-05-27,2023,2,5,May,21,27,Saturday,True,False,2,2023-Q2
513,2023-05-28,2023,2,5,May,21,28,Sunday,True,False,2,2023-Q2
514,2023-05-29,2023,2,5,May,22,29,Monday,False,False,2,2023-Q2
515,2023-05-30,2023,2,5,May,22,30,Tuesday,False,False,2,2023-Q2
516,2023-05-31,2023,2,5,May,22,31,Wednesday,False,False,2,2023-Q2
517,2023-06-01,2023,2,6,June,22,1,Thursday,False,False,2,2023-Q2
518,2023-06-02,2023,2,6,June,22,2,Friday,False,False,2,2023-Q2
519,2023-06-03,2023,2,6,June,22,3,Saturday,True,False,2,2023-Q2
520,2023-06-04,2023,2,6,June,22,4,Sunday,True,False,2,2023-Q2
521,2023-06-05,2023,2,6,June,23,5,Monday,False,False,2,2023-Q2
522,2023-06-06,2023,2,6,June,23,6,Tuesday,False,False,2,2023-Q2
523,2023-06-07,2023,2,6,June,23,7,Wednesday,False,False,2,2023-Q2
524,2023-06-08,2023,2,6,June,23,8,Thursday,False,False,2,2023-Q2
525,2023-06-09,2023,2,6,June,23,9,Friday,False,False,2,2023-Q2
526,2023-06-10,2023,2,6,June,23,10,Saturday,True,False,2,2023-Q2
527,2023-06-11,2023,2,6,June,23,11,Sunday,True,False,2,2023-Q2
528,2023-06-12,2023,2,6,June,24,12,Monday,False,False,2,2023-Q2
529,2023-06-13,2023,2,6,June,24,13,Tuesday,False,False,2,2023-Q2
530,2023-06-14,2023,2,6,June,24,14,Wednesday,False,False,2,2023-Q2
531,2023-06-15,2023,2,6,June,24,15,Thursday,False,False,2,2023-Q2
532,2023-06-16,2023,2,6,June,24,16,Friday,False,False,2,2023-Q2
533,2023-06-17,2023,2,6,June,24,17,Saturday,True,False,2,2023-Q2
534,2023-06-18,2023,2,6,June,24,18,Sunday,True,False,2,2023-Q2
535,2023-06-19,2023,2,6,June,25,19,Monday,False,False,2,2023-Q2
536,2023-06-20,2023,2,6,June,25,20,Tuesday,False,False,2,2023-Q2
537,2023-06-21,2023,2,6,June,25,21,Wednesday,False,False,2,2023-Q2
538,2023-06-22,2023,2,6,June,25,22,Thursday,False,False,2,2023-Q2
539,2023-06-23,2023,2,6,June,25,23,Friday,False,False,2,2023-Q2
540,2023-06-24,2023,2,6,June,25,24,Saturday,True,False,2,2023-Q2
541,2023-06-25,2023,2,6,June,25,25,Sunday,True,False,2,2023-Q2
542,2023-06-26,2023,2,6,June,26,26,Monday,False,False,2,2023-Q2
543,2023-06-27,2023,2,6,June,26,27,Tuesday,False,False,2,2023-Q2
544,2023-06-28,2023,2,6,June,26,28,Wednesday,False,False,2,2023-Q2
545,2023-06-29,2023,2,6,June,26,29,Thursday,False,False,2,2023-Q2
546,2023-06-30,2023,2,6,June,26,30,Friday,False,False,2,2023-Q2
547,2023-07-01,2023,3,7,July,26,1,Saturday,True,False,3,2023-Q3
548,2023-07-02,2023,3,7,July,26,2,Sunday,True,False,3,2023-Q3
549,2023-07-03,2023,3,7,July,27,3,Monday,False,False,3,2023-Q3
550,2023-07-04,2023,3,7,July,27,4,Tuesday,False,False,3,2023-Q3
551,2023-07-05,2023,3,7,July,27,5,Wednesday,False,False,3,2023-Q3
552,2023-07-06,2023,3,7,July,27,6,Thursday,False,False,3,2023-Q3
553,2023-07-07,2023,3,7,July,27,7,Friday,False,False,3,2023-Q3
554,2023-07-08,2023,3,7,July,27,8,Saturday,True,False,3,2023-Q3
555,2023-07-09,2023,3,7,July,27,9,Sunday,True,False,3,2023-Q3
556,2023-07-10,2023,3,7,July,28,10,Monday,False,False,3,2023-Q3
557,2023-07-11,2023,3,7,July,28,11,Tuesday,False,False,3,2023-Q3
558,2023-07-12,2023,3,7,July,28,12,Wednesday,False,False,3,2023-Q3
559,2023-07-13,2023,3,7,July,28,13,Thursday,False,False,3,2023-Q3
560,2023-07-14,2023,3,7,July,28,14,Friday,False,False,3,2023-Q3
561,2023-07-15,2023,3,7,July,28,15,Saturday,True,False,3,2023-Q3
562,2023-07-16,2023,3,7,July,28,16,Sunday,True,False,3,2023-Q3
563,2023-07-17,2023,3,7,July,29,17,Monday,False,False,3,2023-Q3
564,2023-07-18,2023,3,7,July,29,18,Tuesday,False,False,3,2023-Q3
565,2023-07-19,2023,3,7,July,29,19,Wednesday,False,False,3,2023-Q3
566,2023-07-20,2023,3,7,July,29,20,Thursday,False,False,3,2023-Q3
567,2023-07-21,2023,3,7,July,29,21,Friday,False,False,3,2023-Q3
568,2023-07-22,2023,3,7,July,29,22,Saturday,True,False,3,2023-Q3
569,2023-07-23,2023,3,7,July,29,23,Sunday,True,False,3,2023-Q3
570,2023-07-24,2023,3,7,July,30,24,Monday,False,False,3,2023-Q3
571,2023-07-25,2023,3,7,July,30,25,Tuesday,False,False,3,2023-Q3
572,2023-07-26,2023,3,7,July,30,26,Wednesday,False,False,3,2023-Q3
573,2023-07-27,2023,3,7,July,30,27,Thursday,False,False,3,2023-Q3
574,2023-07-28,2023,3,7,July,30,28,Friday,False,False,3,2023-Q3
575,2023-07-29,2023,3,7,July,30,29,Saturday,True,False,3,2023-Q3
576,2023-07-30,2023,3,7,July,30,30,Sunday,True,False,3,2023-Q3
577,2023-07-31,2023,3,7,July,31,31,Monday,False,False,3,2023-Q3
578,2023-08-01,2023,3,8,August,31,1,Tuesday,False,False,3,2023-Q3
579,2023-08-02,2023,3,8,August,31,2,Wednesday,False,False,3,2023-Q3
580,2023-08-03,2023,3,8,August,31,3,Thursday,False,False,3,2023-Q3
581,2023-08-04,2023,3,8,August,31,4,Friday,False,False,3,2023-Q3
582,2023-08-05,2023,3,8,August,31,5,Saturday,True,False,3,2023-Q3
583,2023-08-06,2023,3,8,August,31,6,Sunday,True,False,3,2023-Q3
584,2023-08-07,2023,3,8,August,32,7,Monday,False,False,3,2023-Q3
585,2023-08-08,2023,3,8,August,32,8,Tuesday,False,False,3,2023-Q3
586,2023-08-09,2023,3,8,August,32,9,Wednesday,False,False,3,2023-Q3
587,2023-08-10,2023,3,8,August,32,10,Thursday,False,False,3,2023-Q3
588,2023-08-11,2023,3,8,August,32,11,Friday,False,False,3,2023-Q3
589,2023-08-12,2023,3,8,August,32,12,Saturday,True,False,3,2023-Q3
590,2023-08-13,2023,3,8,August,32,13,Sunday,True,False,3,2023-Q3
591,2023-08-14,2023,3,8,August,33,14,Monday,False,False,3,2023-Q3
592,2023-08-15,2023,3,8,August,33,15,Tuesday,False,False,3,2023-Q3
593,2023-08-16,2023,3,8,August,33,16,Wednesday,False,False,3,2023-Q3
594,2023-08-17,2023,3,8,August,33,17,Thursday,False,False,3,2023-Q3
595,2023-08-18,2023,3,8,August,33,18,Friday,False,False,3,2023-Q3
596,2023-08-19,2023,3,8,August,33,19,Saturday,True,False,3,2023-Q3
597,2023-08-20,2023,3,8,August,33,20,Sunday,True,False,3,2023-Q3
598,2023-08-21,2023,3,8,August,34,21,Monday,False,False,3,2023-Q3
599,2023-08-22,2023,3,8,August,34,22,Tuesday,False,False,3,2023-Q3
600,2023-08-23,2023,3,8,August,34,23,Wednesday,False,False,3,2023-Q3
601,2023-08-24,2023,3,8,August,34,24,Thursday,False,False,3,2023-Q3
602,2023-08-25,2023,3,8,August,34,25,Friday,False,False,3,2023-Q3
603,2023-08-26,2023,3,8,August,34,26,Saturday,True,False,3,2023-Q3
604,2023-08-27,2023,3,8,August,34,27,Sunday,True,False,3,2023-Q3
605,2023-08-28,2023,3,8,August,35,28,Monday,False,False,3,2023-Q3
606,2023-08-29,2023,3,8,August,35,29,Tuesday,False,False,3,2023-Q3
607,2023-08-30,2023,3,8,August,35,30,Wednesday,False,False,3,2023-Q3
608,2023-08-31,2023,3,8,August,35,31,Thursday,False,False,3,2023-Q3
609,2023-09-01,2023,3,9,September,35,1,Friday,False,False,3,2023-Q3
610,2023-09-02,2023,3,9,September,35,2,Saturday,True,False,3,2023-Q3
611,2023-09-03,2023,3,9,September,35,3,Sunday,True,False,3,2023-Q3
612,2023-09-04,2023,3,9,September,36,4,Monday,False,False,3,2023-Q3
613,2023-09-05,2023,3,9,September,36,5,Tuesday,False,False,3,2023-Q3
614,2023-09-06,2023,3,9,September,36,6,Wednesday,False,False,3,2023-Q3
615,2023-09-07,2023,3,9,September,36,7,Thursday,False,False,3,2023-Q3
616,2023-09-08,2023,3,9,September,36,8,Friday,False,False,3,2023-Q3
617,2023-09-09,2023,3,9,September,36,9,Saturday,True,False,3,2023-Q3
618,2023-09-10,2023,3,9,September,36,10,Sunday,True,False,3,2023-Q3
619,2023-09-11,2023,3,9,September,37,11,Monday,False,False,3,2023-Q3
620,2023-09-12,2023,3,9,September,37,12,Tuesday,False,False,3,2023-Q3
621,2023-09-13,2023,3,9,September,37,13,Wednesday,False,False,3,2023-Q3
622,2023-09-14,2023,3,9,September,37,14,Thursday,False,False,3,2023-Q3
623,2023-09-15,2023,3,9,September,37,15,Friday,False,False,3,2023-Q3
624,2023-09-16,2023,3,9,September,37,16,Saturday,True,False,3,2023-Q3
625,2023-09-17,2023,3,9,September,37,17,Sunday,True,False,3,2023-Q3
626,2023-09-18,2023,3,9,September,38,18,Monday,False,False,3,2023-Q3
627,2023-09-19,2023,3,9,September,38,19,Tuesday,False,False,3,2023-Q3
628,2023-09-20,2023,3,9,September,38,20,Wednesday,False,False,3,2023-Q3
629,2023-09-21,2023,3,9,September,38,21,Thursday,False,False,3,2023-Q3
630,2023-09-22,2023,3,9,September,38,22,Friday,False,False,3,2023-Q3
631,2023-09-23,2023,3,9,September,38,23,Saturday,True,False,3,2023-Q3
632,2023-09-24,2023,3,9,September,38,24,Sunday,True,False,3,2023-Q3
633,2023-09-25,2023,3,9,September,39,25,Monday,False,False,3,2023-Q3
634,2023-09-26,2023,3,9,September,39,26,Tuesday,False,False,3,2023-Q3
635,2023-09-27,2023,3,9,September,39,27,Wednesday,False,False,3,2023-Q3
636,2023-09-28,2023,3,9,September,39,28,Thursday,False,False,3,2023-Q3
637,2023-09-29,2023,3,9,September,39,29,Friday,False,False,3,2023-Q3
638,2023-09-30,2023,3,9,September,39,30,Saturday,True,False,3,2023-Q3
639,2023-10-01,2023,4,10,October,39,1,Sunday,True,False,4,2023-Q4
640,2023-10-02,2023,4,10,October,40,2,Monday,False,False,4,2023-Q4
641,2023-10-03,2023,4,10,October,40,3,Tuesday,False,False,4,2023-Q4
642,2023-10-04,2023,4,10,October,40,4,Wednesday,False,False,4,2023-Q4
643,2023-10-05,2023,4,10,October,40,5,Thursday,False,False,4,2023-Q4
644,2023-10-06,2023,4,10,October,40,6,Friday,False,False,4,2023-Q4
645,2023-10-07,2023,4,10,October,40,7,Saturday,True,False,4,2023-Q4
646,2023-10-08,2023,4,10,October,40,8,Sunday,True,False,4,2023-Q4
647,2023-10-09,2023,4,10,October,41,9,Monday,False,False,4,2023-Q4
648,2023-10-10,2023,4,10,October,41,10,Tuesday,False,False,4,2023-Q4
649,2023-10-11,2023,4,10,October,41,11,Wednesday,False,False,4,2023-Q4
650,2023-10-12,2023,4,10,October,41,12,Thursday,False,False,4,2023-Q4
651,2023-10-13,2023,4,10,October,41,13,Friday,False,False,4,2023-Q4
652,2023-10-14,2023,4,10,October,41,14,Saturday,True,False,4,2023-Q4
653,2023-10-15,2023,4,10,October,41,15,Sunday,True,False,4,2023-Q4
654,2023-10-16,2023,4,10,October,42,16,Monday,False,False,4,2023-Q4
655,2023-10-17,2023,4,10,October,42,17,Tuesday,False,False,4,2023-Q4
656,2023-10-18,2023,4,10,October,42,18,Wednesday,False,False,4,2023-Q4
657,2023-10-19,2023,4,10,October,42,19,Thursday,False,False,4,2023-Q4
658,2023-10-20,2023,4,10,October,42,20,Friday,False,False,4,2023-Q4
659,2023-10-21,2023,4,10,October,42,21,Saturday,True,False,4,2023-Q4
660,2023-10-22,2023,4,10,October,42,22,Sunday,True,False,4,2023-Q4
661,2023-10-23,2023,4,10,October,43,23,Monday,False,False,4,2023-Q4
662,2023-10-24,2023,4,10,October,43,24,Tuesday,False,False,4,2023-Q4
663,2023-10-25,2023,4,10,October,43,25,Wednesday,False,False,4,2023-Q4
664,2023-10-26,2023,4,10,October,43,26,Thursday,False,False,4,2023-Q4
665,2023-10-27,2023,4,10,October,43,27,Friday,False,False,4,2023-Q4
666,2023-10-28,2023,4,10,October,43,28,Saturday,True,False,4,2023-Q4
667,2023-10-29,2023,4,10,October,43,29,Sunday,True,False,4,2023-Q4
668,2023-10-30,2023,4,10,October,44,30,Monday,False,False,4,2023-Q4
669,2023-10-31,2023,4,10,October,44,31,Tuesday,False,False,4,2023-Q4
670,2023-11-01,2023,4,11,November,44,1,Wednesday,False,False,4,2023-Q4
671,2023-11-02,2023,4,11,November,44,2,Thursday,False,False,4,2023-Q4
672,2023-11-03,2023,4,11,November,44,3,Friday,False,False,4,2023-Q4
673,2023-11-04,2023,4,11,November,44,4,Saturday,True,False,4,2023-Q4
674,2023-11-05,2023,4,11,November,44,5,Sunday,True,False,4,2023-Q4
675,2023-11-06,2023,4,11,November,45,6,Monday,False,False,4,2023-Q4
676,2023-11-07,2023,4,11,November,45,7,Tuesday,False,False,4,2023-Q4
677,2023-11-08,2023,4,11,November,45,8,Wednesday,False,False,4,2023-Q4
678,2023-11-09,2023,4,11,November,45,9,Thursday,False,False,4,2023-Q4
679,2023-11-10,2023,4,11,November,45,10,Friday,False,False,4,2023-Q4
680,2023-11-11,2023,4,11,November,45,11,Saturday,True,False,4,2023-Q4
681,2023-11-12,2023,4,11,November,45,12,Sunday,True,False,4,2023-Q4
682,2023-11-13,2023,4,11,November,46,13,Monday,False,False,4,2023-Q4
683,2023-11-14,2023,4,11,November,46,14,Tuesday,False,False,4,2023-Q4
684,2023-11-15,2023,4,11,November,46,15,Wednesday,False,False,4,2023-Q4
685,2023-11-16,2023,4,11,November,46,16,Thursday,False,False,4,2023-Q4
686,2023-11-17,2023,4,11,November,46,17,Friday,False,False,4,2023-Q4
687,2023-11-18,2023,4,11,November,46,18,Saturday,True,False,4,2023-Q4
688,2023-11-19,2023,4,11,November,46,19,Sunday,True,False,4,2023-Q4
689,2023-11-20,2023,4,11,November,47,20,Monday,False,False,4,2023-Q4
690,2023-11-21,2023,4,11,November,47,21,Tuesday,False,False,4,2023-Q4
691,2023-11-22,2023,4,11,November,47,22,Wednesday,False,False,4,2023-Q4
692,2023-11-23,2023,4,11,November,47,23,Thursday,False,False,4,2023-Q4
693,2023-11-24,2023,4,11,November,47,24,Friday,False,False,4,2023-Q4
694,2023-11-25,2023,4,11,November,47,25,Saturday,True,False,4,2023-Q4
695,2023-11-26,2023,4,11,November,47,26,Sunday,True,False,4,2023-Q4
696,2023-11-27,2023,4,11,November,48,27,Monday,False,False,4,2023-Q4
697,2023-11-28,2023,4,11,November,48,28,Tuesday,False,False,4,2023-Q4
698,2023-11-29,2023,4,11,November,48,29,Wednesday,False,False,4,2023-Q4
699,2023-11-30,2023,4,11,November,48,30,Thursday,False,False,4,2023-Q4
700,2023-12-01,2023,4,12,December,48,1,Friday,False,False,4,2023-Q4
701,2023-12-02,2023,4,12,December,48,2,Saturday,True,False,4,2023-Q4
702,2023-12-03,2023,4,12,December,48,3,Sunday,True,False,4,2023-Q4
703,2023-12-04,2023,4,12,December,49,4,Monday,False,False,4,2023-Q4
704,2023-12-05,2023,4,12,December,49,5,Tuesday,False,False,4,2023-Q4
705,2023-12-06,2023,4,12,December,49,6,Wednesday,False,False,4,2023-Q4
706,2023-12-07,2023,4,12,December,49,7,Thursday,False,False,4,2023-Q4
707,2023-12-08,2023,4,12,December,49,8,Friday,False,False,4,2023-Q4
708,2023-12-09,2023,4,12,December,49,9,Saturday,True,False,4,2023-Q4
709,2023-12-10,2023,4,12,December,49,10,Sunday,True,False,4,2023-Q4
710,2023-12-11,2023,4,12,December,50,11,Monday,False,False,4,2023-Q4
711,2023-12-12,2023,4,12,December,50,12,Tuesday,False,False,4,2023-Q4
712,2023-12-13,2023,4,12,December,50,13,Wednesday,False,False,4,2023-Q4
713,2023-12-14,2023,4,12,December,50,14,Thursday,False,False,4,2023-Q4
714,2023-12-15,2023,4,12,December,50,15,Friday,False,False,4,2023-Q4
715,2023-12-16,2023,4,12,December,50,16,Saturday,True,False,4,2023-Q4
716,2023-12-17,2023,4,12,December,50,17,Sunday,True,False,4,2023-Q4
717,2023-12-18,2023,4,12,December,51,18,Monday,False,False,4,2023-Q4
718,2023-12-19,2023,4,12,December,51,19,Tuesday,False,False,4,2023-Q4
719,2023-12-20,2023,4,12,December,51,20,Wednesday,False,False,4,2023-Q4
720,2023-12-21,2023,4,12,December,51,21,Thursday,False,False,4,2023-Q4
721,2023-12-22,2023,4,12,December,51,22,Friday,False,False,4,2023-Q4
722,2023-12-23,2023,4,12,December,51,23,Saturday,True,False,4,2023-Q4
723,2023-12-24,2023,4,12,December,51,24,Sunday,True,False,4,2023-Q4
724,2023-12-25,2023,4,12,December,52,25,Monday,False,True,4,2023-Q4
725,2023-12-26,2023,4,12,December,52,26,Tuesday,False,False,4,2023-Q4
726,2023-12-27,2023,4,12,December,52,27,Wednesday,False,False,4,2023-Q4
727,2023-12-28,2023,4,12,December,52,28,Thursday,False,False,4,2023-Q4
728,2023-12-29,2023,4,12,December,52,29,Friday,False,False,4,2023-Q4
729,2023-12-30,2023,4,12,December,52,30,Saturday,True,False,4,2023-Q4
730,2023-12-31,2023,4,12,December,52,31,Sunday,True,False,4,2023-Q4
731,2024-01-01,2024,1,1,January,1,1,Monday,False,True,1,2024-Q1
732,2024-01-02,2024,1,1,January,1,2,Tuesday,False,False,1,2024-Q1
733,2024-01-03,2024,1,1,January,1,3,Wednesday,False,False,1,2024-Q1
734,2024-01-04,2024,1,1,January,1,4,Thursday,False,False,1,2024-Q1
735,2024-01-05,2024,1,1,January,1,5,Friday,False,False,1,2024-Q1
736,2024-01-06,2024,1,1,January,1,6,Saturday,True,False,1,2024-Q1
737,2024-01-07,2024,1,1,January,1,7,Sunday,True,False,1,2024-Q1
738,2024-01-08,2024,1,1,January,2,8,Monday,False,False,1,2024-Q1
739,2024-01-09,2024,1,1,January,2,9,Tuesday,False,False,1,2024-Q1
740,2024-01-10,2024,1,1,January,2,10,Wednesday,False,False,1,2024-Q1
741,2024-01-11,2024,1,1,January,2,11,Thursday,False,False,1,2024-Q1
742,2024-01-12,2024,1,1,January,2,12,Friday,False,False,1,2024-Q1
743,2024-01-13,2024,1,1,January,2,13,Saturday,True,False,1,2024-Q1
744,2024-01-14,2024,1,1,January,2,14,Sunday,True,False,1,2024-Q1
745,2024-01-15,2024,1,1,January,3,15,Monday,False,False,1,2024-Q1
746,2024-01-16,2024,1,1,January,3,16,Tuesday,False,False,1,2024-Q1
747,2024-01-17,2024,1,1,January,3,17,Wednesday,False,False,1,2024-Q1
748,2024-01-18,2024,1,1,January,3,18,Thursday,False,False,1,2024-Q1
749,2024-01-19,2024,1,1,January,3,19,Friday,False,False,1,2024-Q1
750,2024-01-20,2024,1,1,January,3,20,Saturday,True,False,1,2024-Q1
751,2024-01-21,2024,1,1,January,3,21,Sunday,True,False,1,2024-Q1
752,2024-01-22,2024,1,1,January,4,22,Monday,False,False,1,2024-Q1
753,2024-01-23,2024,1,1,January,4,23,Tuesday,False,False,1,2024-Q1
754,2024-01-24,2024,1,1,January,4,24,Wednesday,False,False,1,2024-Q1
755,2024-01-25,2024,1,1,January,4,25,Thursday,False,False,1,2024-Q1
756,2024-01-26,2024,1,1,January,4,26,Friday,False,False,1,2024-Q1
757,2024-01-27,2024,1,1,January,4,27,Saturday,True,False,1,2024-Q1
758,2024-01-28,2024,1,1,January,4,28,Sunday,True,False,1,2024-Q1
759,2024-01-29,2024,1,1,January,5,29,Monday,False,False,1,2024-Q1
760,2024-01-30,2024,1,1,January,5,30,Tuesday,False,False,1,2024-Q1
761,2024-01-31,2024,1,1,January,5,31,Wednesday,False,False,1,2024-Q1
762,2024-02-01,2024,1,2,February,5,1,Thursday,False,False,1,2024-Q1
763,2024-02-02,2024,1,2,February,5,2,Friday,False,False,1,2024-Q1
764,2024-02-03,2024,1,2,February,5,3,Saturday,True,False,1,2024-Q1
765,2024-02-04,2024,1,2,February,5,4,Sunday,True,False,1,2024-Q1
766,2024-02-05,2024,1,2,February,6,5,Monday,False,False,1,2024-Q1
767,2024-02-06,2024,1,2,February,6,6,Tuesday,False,False,1,2024-Q1
768,2024-02-07,2024,1,2,February,6,7,Wednesday,False,False,1,2024-Q1
769,2024-02-08,2024,1,2,February,6,8,Thursday,False,False,1,2024-Q1
770,2024-02-09,2024,1,2,February,6,9,Friday,False,False,1,2024-Q1
771,2024-02-10,2024,1,2,February,6,10,Saturday,True,False,1,2024-Q1
772,2024-02-11,2024,1,2,February,6,11,Sunday,True,False,1,2024-Q1
773,2024-02-12,2024,1,2,February,7,12,Monday,False,False,1,2024-Q1
774,2024-02-13,2024,1,2,February,7,13,Tuesday,False,False,1,2024-Q1
775,2024-02-14,2024,1,2,February,7,14,Wednesday,False,False,1,2024-Q1
776,2024-02-15,2024,1,2,February,7,15,Thursday,False,False,1,2024-Q1
777,2024-02-16,2024,1,2,February,7,16,Friday,False,False,1,2024-Q1
778,2024-02-17,2024,1,2,February,7,17,Saturday,True,False,1,2024-Q1
779,2024-02-18,2024,1,2,February,7,18,Sunday,True,False,1,2024-Q1
780,2024-02-19,2024,1,2,February,8,19,Monday,False,False,1,2024-Q1
781,2024-02-20,2024,1,2,February,8,20,Tuesday,False,False,1,2024-Q1
782,2024-02-21,2024,1,2,February,8,21,Wednesday,False,False,1,2024-Q1
783,2024-02-22,2024,1,2,February,8,22,Thursday,False,False,1,2024-Q1
784,2024-02-23,2024,1,2,February,8,23,Friday,False,False,1,2024-Q1
785,2024-02-24,2024,1,2,February,8,24,Saturday,True,False,1,2024-Q1
786,2024-02-25,2024,1,2,February,8,25,Sunday,True,False,1,2024-Q1
787,2024-02-26,2024,1,2,February,9,26,Monday,False,False,1,2024-Q1
788,2024-02-27,2024,1,2,February,9,27,Tuesday,False,False,1,2024-Q1
789,2024-02-28,2024,1,2,February,9,28,Wednesday,False,False,1,2024-Q1
790,2024-02-29,2024,1,2,February,9,29,Thursday,False,False,1,2024-Q1
791,2024-03-01,2024,1,3,March,9,1,Friday,False,False,1,2024-Q1
792,2024-03-02,2024,1,3,March,9,2,Saturday,True,False,1,2024-Q1
793,2024-03-03,2024,1,3,March,9,3,Sunday,True,False,1,2024-Q1
794,2024-03-04,2024,1,3,March,10,4,Monday,False,False,1,2024-Q1
795,2024-03-05,2024,1,3,March,10,5,Tuesday,False,False,1,2024-Q1
796,2024-03-06,2024,1,3,March,10,6,Wednesday,False,False,1,2024-Q1
797,2024-03-07,2024,1,3,March,10,7,Thursday,False,False,1,2024-Q1
798,2024-03-08,2024,1,3,March,10,8,Friday,False,False,1,2024-Q1
799,2024-03-09,2024,1,3,March,10,9,Saturday,True,False,1,2024-Q1
800,2024-03-10,2024,1,3,March,10,10,Sunday,True,False,1,2024-Q1
801,2024-03-11,2024,1,3,March,11,11,Monday,False,False,1,2024-Q1
802,2024-03-12,2024,1,3,March,11,12,Tuesday,False,False,1,2024-Q1
803,2024-03-13,2024,1,3,March,11,13,Wednesday,False,False,1,2024-Q1
804,2024-03-14,2024,1,3,March,11,14,Thursday,False,False,1,2024-Q1
805,2024-03-15,2024,1,3,March,11,15,Friday,False,False,1,2024-Q1
806,2024-03-16,2024,1,3,March,11,16,Saturday,True,False,1,2024-Q1
807,2024-03-17,2024,1,3,March,11,17,Sunday,True,False,1,2024-Q1
808,2024-03-18,2024,1,3,March,12,18,Monday,False,False,1,2024-Q1
809,2024-03-19,2024,1,3,March,12,19,Tuesday,False,False,1,2024-Q1
810,2024-03-20,2024,1,3,March,12,20,Wednesday,False,False,1,2024-Q1
811,2024-03-21,2024,1,3,March,12,21,Thursday,False,False,1,2024-Q1
812,2024-03-22,2024,1,3,March,12,22,Friday,False,False,1,2024-Q1
813,2024-03-23,2024,1,3,March,12,23,Saturday,True,False,1,2024-Q1
814,2024-03-24,2024,1,3,March,12,24,Sunday,True,False,1,2024-Q1
815,2024-03-25,2024,1,3,March,13,25,Monday,False,False,1,2024-Q1
816,2024-03-26,2024,1,3,March,13,26,Tuesday,False,False,1,2024-Q1
817,2024-03-27,2024,1,3,March,13,27,Wednesday,False,False,1,2024-Q1
818,2024-03-28,2024,1,3,March,13,28,Thursday,False,False,1,2024-Q1
819,2024-03-29,2024,1,3,March,13,29,Friday,False,False,1,2024-Q1
820,2024-03-30,2024,1,3,March,13,30,Saturday,True,False,1,2024-Q1
821,2024-03-31,2024,1,3,March,13,31,Sunday,True,False,1,2024-Q1
822,2024-04-01,2024,2,4,April,14,1,Monday,False,False,2,2024-Q2
823,2024-04-02,2024,2,4,April,14,2,Tuesday,False,False,2,2024-Q2
824,2024-04-03,2024,2,4,April,14,3,Wednesday,False,False,2,2024-Q2
825,2024-04-04,2024,2,4,April,14,4,Thursday,False,False,2,2024-Q2
826,2024-04-05,2024,2,4,April,14,5,Friday,False,False,2,2024-Q2
827,2024-04-06,2024,2,4,April,14,6,Saturday,True,False,2,2024-Q2
828,2024-04-07,2024,2,4,April,14,7,Sunday,True,False,2,2024-Q2
829,2024-04-08,2024,2,4,April,15,8,Monday,False,False,2,2024-Q2
830,2024-04-09,2024,2,4,April,15,9,Tuesday,False,False,2,2024-Q2
831,2024-04-10,2024,2,4,April,15,10,Wednesday,False,False,2,2024-Q2
832,2024-04-11,2024,2,4,April,15,11,Thursday,False,False,2,2024-Q2
833,2024-04-12,2024,2,4,April,15,12,Friday,False,False,2,2024-Q2
834,2024-04-13,2024,2,4,April,15,13,Saturday,True,False,2,2024-Q2
835,2024-04-14,2024,2,4,April,15,14,Sunday,True,False,2,2024-Q2
836,2024-04-15,2024,2,4,April,16,15,Monday,False,False,2,2024-Q2
837,2024-04-16,2024,2,4,April,16,16,Tuesday,False,False,2,2024-Q2
838,2024-04-17,2024,2,4,April,16,17,Wednesday,False,False,2,2024-Q2
839,2024-04-18,2024,2,4,April,16,18,Thursday,False,False,2,2024-Q2
840,2024-04-19,2024,2,4,April,16,19,Friday,False,False,2,2024-Q2
841,2024-04-20,2024,2,4,April,16,20,Saturday,True,False,2,2024-Q2
842,2024-04-21,2024,2,4,April,16,21,Sunday,True,False,2,2024-Q2
843,2024-04-22,2024,2,4,April,17,22,Monday,False,False,2,2024-Q2
844,2024-04-23,2024,2,4,April,17,23,Tuesday,False,False,2,2024-Q2
845,2024-04-24,2024,2,4,April,17,24,Wednesday,False,False,2,2024-Q2
846,2024-04-25,2024,2,4,April,17,25,Thursday,False,False,2,2024-Q2
847,2024-04-26,2024,2,4,April,17,26,Friday,False,False,2,2024-Q2
848,2024-04-27,2024,2,4,April,17,27,Saturday,True,False,2,2024-Q2
849,2024-04-28,2024,2,4,April,17,28,Sunday,True,False,2,2024-Q2
850,2024-04-29,2024,2,4,April,18,29,Monday,False,False,2,2024-Q2
851,2024-04-30,2024,2,4,April,18,30,Tuesday,False,False,2,2024-Q2
852,2024-05-01,2024,2,5,May,18,1,Wednesday,False,False,2,2024-Q2
853,2024-05-02,2024,2,5,May,18,2,Thursday,False,False,2,2024-Q2
854,2024-05-03,2024,2,5,May,18,3,Friday,False,False,2,2024-Q2
855,2024-05-04,2024,2,5,May,18,4,Saturday,True,False,2,2024-Q2
856,2024-05-05,2024,2,5,May,18,5,Sunday,True,False,2,2024-Q2
857,2024-05-06,2024,2,5,May,19,6,Monday,False,False,2,2024-Q2
858,2024-05-07,2024,2,5,May,19,7,Tuesday,False,False,2,2024-Q2
859,2024-05-08,2024,2,5,May,19,8,Wednesday,False,False,2,2024-Q2
860,2024-05-09,2024,2,5,May,19,9,Thursday,False,False,2,2024-Q2
861,2024-05-10,2024,2,5,May,19,10,Friday,False,False,2,2024-Q2
862,2024-05-11,2024,2,5,May,19,11,Saturday,True,False,2,2024-Q2
863,2024-05-12,2024,2,5,May,19,12,Sunday,True,False,2,2024-Q2
864,2024-05-13,2024,2,5,May,20,13,Monday,False,False,2,2024-Q2
865,2024-05-14,2024,2,5,May,20,14,Tuesday,False,False,2,2024-Q2
866,2024-05-15,2024,2,5,May,20,15,Wednesday,False,False,2,2024-Q2
867,2024-05-16,2024,2,5,May,20,16,Thursday,False,False,2,2024-Q2
868,2024-05-17,2024,2,5,May,20,17,Friday,False,False,2,2024-Q2
869,2024-05-18,2024,2,5,May,20,18,Saturday,True,False,2,2024-Q2
870,2024-05-19,2024,2,5,May,20,19,Sunday,True,False,2,2024-Q2
871,2024-05-20,2024,2,5,May,21,20,Monday,False,False,2,2024-Q2
872,2024-05-21,2024,2,5,May,21,21,Tuesday,False,False,2,2024-Q2
873,2024-05-22,2024,2,5,May,21,22,Wednesday,False,False,2,2024-Q2
874,2024-05-23,2024,2,5,May,21,23,Thursday,False,False,2,2024-Q2
875,2024-05-24,2024,2,5,May,21,24,Friday,False,False,2,2024-Q2
876,2024-05-25,2024,2,5,May,21,25,Saturday,True,False,2,2024-Q2
877,2024-05-26,2024,2,5,May,21,26,Sunday,True,False,2,2024-Q2
878,2024-05-27,2024,2,5,May,22,27,Monday,False,False,2,2024-Q2
879,2024-05-28,2024,2,5,May,22,28,Tuesday,False,False,2,2024-Q2
880,2024-05-29,2024,2,5,May,22,29,Wednesday,False,False,2,2024-Q2
881,2024-05-30,2024,2,5,May,22,30,Thursday,False,False,2,2024-Q2
882,2024-05-31,2024,2,5,May,22,31,Friday,False,False,2,2024-Q2
883,2024-06-01,2024,2,6,June,22,1,Saturday,True,False,2,2024-Q2
884,2024-06-02,2024,2,6,June,22,2,Sunday,True,False,2,2024-Q2
885,2024-06-03,2024,2,6,June,23,3,Monday,False,False,2,2024-Q2
886,2024-06-04,2024,2,6,June,23,4,Tuesday,False,False,2,2024-Q2
887,2024-06-05,2024,2,6,June,23,5,Wednesday,False,False,2,2024-Q2
888,2024-06-06,2024,2,6,June,23,6,Thursday,False,False,2,2024-Q2
889,2024-06-07,2024,2,6,June,23,7,Friday,False,False,2,2024-Q2
890,2024-06-08,2024,2,6,June,23,8,Saturday,True,False,2,2024-Q2
891,2024-06-09,2024,2,6,June,23,9,Sunday,True,False,2,2024-Q2
892,2024-06-10,2024,2,6,June,24,10,Monday,False,False,2,2024-Q2
893,2024-06-11,2024,2,6,June,24,11,Tuesday,False,False,2,2024-Q2
894,2024-06-12,2024,2,6,June,24,12,Wednesday,False,False,2,2024-Q2
895,2024-06-13,2024,2,6,June,24,13,Thursday,False,False,2,2024-Q2
896,2024-06-14,2024,2,6,June,24,14,Friday,False,False,2,2024-Q2
897,2024-06-15,2024,2,6,June,24,15,Saturday,True,False,2,2024-Q2
898,2024-06-16,2024,2,6,June,24,16,Sunday,True,False,2,2024-Q2
899,2024-06-17,2024,2,6,June,25,17,Monday,False,False,2,2024-Q2
900,2024-06-18,2024,2,6,June,25,18,Tuesday,False,False,2,2024-Q2
901,2024-06-19,2024,2,6,June,25,19,Wednesday,False,False,2,2024-Q2
902,2024-06-20,2024,2,6,June,25,20,Thursday,False,False,2,2024-Q2
903,2024-06-21,2024,2,6,June,25,21,Friday,False,False,2,2024-Q2
904,2024-06-22,2024,2,6,June,25,22,Saturday,True,False,2,2024-Q2
905,2024-06-23,2024,2,6,June,25,23,Sunday,True,False,2,2024-Q2
906,2024-06-24,2024,2,6,June,26,24,Monday,False,False,2,2024-Q2
907,2024-06-25,2024,2,6,June,26,25,Tuesday,False,False,2,2024-Q2
908,2024-06-26,2024,2,6,June,26,26,Wednesday,False,False,2,2024-Q2
909,2024-06-27,2024,2,6,June,26,27,Thursday,False,False,2,2024-Q2
910,2024-06-28,2024,2,6,June,26,28,Friday,False,False,2,2024-Q2
911,2024-06-29,2024,2,6,June,26,29,Saturday,True,False,2,2024-Q2
912,2024-06-30,2024,2,6,June,26,30,Sunday,True,False,2,2024-Q2
913,2024-07-01,2024,3,7,July,27,1,Monday,False,False,3,2024-Q3
914,2024-07-02,2024,3,7,July,27,2,Tuesday,False,False,3,2024-Q3
915,2024-07-03,2024,3,7,July,27,3,Wednesday,False,False,3,2024-Q3
916,2024-07-04,2024,3,7,July,27,4,Thursday,False,False,3,2024-Q3
917,2024-07-05,2024,3,7,July,27,5,Friday,False,False,3,2024-Q3
918,2024-07-06,2024,3,7,July,27,6,Saturday,True,False,3,2024-Q3
919,2024-07-07,2024,3,7,July,27,7,Sunday,True,False,3,2024-Q3
920,2024-07-08,2024,3,7,July,28,8,Monday,False,False,3,2024-Q3
921,2024-07-09,2024,3,7,July,28,9,Tuesday,False,False,3,2024-Q3
922,2024-07-10,2024,3,7,July,28,10,Wednesday,False,False,3,2024-Q3
923,2024-07-11,2024,3,7,July,28,11,Thursday,False,False,3,2024-Q3
924,2024-07-12,2024,3,7,July,28,12,Friday,False,False,3,2024-Q3
925,2024-07-13,2024,3,7,July,28,13,Saturday,True,False,3,2024-Q3
926,2024-07-14,2024,3,7,July,28,14,Sunday,True,False,3,2024-Q3
927,2024-07-15,2024,3,7,July,29,15,Monday,False,False,3,2024-Q3
928,2024-07-16,2024,3,7,July,29,16,Tuesday,False,False,3,2024-Q3
929,2024-07-17,2024,3,7,July,29,17,Wednesday,False,False,3,2024-Q3
930,2024-07-18,2024,3,7,July,29,18,Thursday,False,False,3,2024-Q3
931,2024-07-19,2024,3,7,July,29,19,Friday,False,False,3,2024-Q3
932,2024-07-20,2024,3,7,July,29,20,Saturday,True,False,3,2024-Q3
933,2024-07-21,2024,3,7,July,29,21,Sunday,True,False,3,2024-Q3
934,2024-07-22,2024,3,7,July,30,22,Monday,False,False,3,2024-Q3
935,2024-07-23,2024,3,7,July,30,23,Tuesday,False,False,3,2024-Q3
936,2024-07-24,2024,3,7,July,30,24,Wednesday,False,False,3,2024-Q3
937,2024-07-25,2024,3,7,July,30,25,Thursday,False,False,3,2024-Q3
938,2024-07-26,2024,3,7,July,30,26,Friday,False,False,3,2024-Q3
939,2024-07-27,2024,3,7,July,30,27,Saturday,True,False,3,2024-Q3
940,2024-07-28,2024,3,7,July,30,28,Sunday,True,False,3,2024-Q3
941,2024-07-29,2024,3,7,July,31,29,Monday,False,False,3,2024-Q3
942,2024-07-30,2024,3,7,July,31,30,Tuesday,False,False,3,2024-Q3
943,2024-07-31,2024,3,7,July,31,31,Wednesday,False,False,3,2024-Q3
944,2024-08-01,2024,3,8,August,31,1,Thursday,False,False,3,2024-Q3
945,2024-08-02,2024,3,8,August,31,2,Friday,False,False,3,2024-Q3
946,2024-08-03,2024,3,8,August,31,3,Saturday,True,False,3,2024-Q3
947,2024-08-04,2024,3,8,August,31,4,Sunday,True,False,3,2024-Q3
948,2024-08-05,2024,3,8,August,32,5,Monday,False,False,3,2024-Q3
949,2024-08-06,2024,3,8,August,32,6,Tuesday,False,False,3,2024-Q3
950,2024-08-07,2024,3,8,August,32,7,Wednesday,False,False,3,2024-Q3
951,2024-08-08,2024,3,8,August,32,8,Thursday,False,False,3,2024-Q3
952,2024-08-09,2024,3,8,August,32,9,Friday,False,False,3,2024-Q3
953,2024-08-10,2024,3,8,August,32,10,Saturday,True,False,3,2024-Q3
954,2024-08-11,2024,3,8,August,32,11,Sunday,True,False,3,2024-Q3
955,2024-08-12,2024,3,8,August,33,12,Monday,False,False,3,2024-Q3
956,2024-08-13,2024,3,8,August,33,13,Tuesday,False,False,3,2024-Q3
957,2024-08-14,2024,3,8,August,33,14,Wednesday,False,False,3,2024-Q3
958,2024-08-15,2024,3,8,August,33,15,Thursday,False,False,3,2024-Q3
959,2024-08-16,2024,3,8,August,33,16,Friday,False,False,3,2024-Q3
960,2024-08-17,2024,3,8,August,33,17,Saturday,True,False,3,2024-Q3
961,2024-08-18,2024,3,8,August,33,18,Sunday,True,False,3,2024-Q3
962,2024-08-19,2024,3,8,August,34,19,Monday,False,False,3,2024-Q3
963,2024-08-20,2024,3,8,August,34,20,Tuesday,False,False,3,2024-Q3
964,2024-08-21,2024,3,8,August,34,21,Wednesday,False,False,3,2024-Q3
965,2024-08-22,2024,3,8,August,34,22,Thursday,False,False,3,2024-Q3
966,2024-08-23,2024,3,8,August,34,23,Friday,False,False,3,2024-Q3
967,2024-08-24,2024,3,8,August,34,24,Saturday,True,False,3,2024-Q3
968,2024-08-25,2024,3,8,August,34,25,Sunday,True,False,3,2024-Q3
969,2024-08-26,2024,3,8,August,35,26,Monday,False,False,3,2024-Q3
970,2024-08-27,2024,3,8,August,35,27,Tuesday,False,False,3,2024-Q3
971,2024-08-28,2024,3,8,August,35,28,Wednesday,False,False,3,2024-Q3
972,2024-08-29,2024,3,8,August,35,29,Thursday,False,False,3,2024-Q3
973,2024-08-30,2024,3,8,August,35,30,Friday,False,False,3,2024-Q3
974,2024-08-31,2024,3,8,August,35,31,Saturday,True,False,3,2024-Q3
975,2024-09-01,2024,3,9,September,35,1,Sunday,True,False,3,2024-Q3
976,2024-09-02,2024,3,9,September,36,2,Monday,False,False,3,2024-Q3
977,2024-09-03,2024,3,9,September,36,3,Tuesday,False,False,3,2024-Q3
978,2024-09-04,2024,3,9,September,36,4,Wednesday,False,False,3,2024-Q3
979,2024-09-05,2024,3,9,September,36,5,Thursday,False,False,3,2024-Q3
980,2024-09-06,2024,3,9,September,36,6,Friday,False,False,3,2024-Q3
981,2024-09-07,2024,3,9,September,36,7,Saturday,True,False,3,2024-Q3
982,2024-09-08,2024,3,9,September,36,8,Sunday,True,False,3,2024-Q3
983,2024-09-09,2024,3,9,September,37,9,Monday,False,False,3,2024-Q3
984,2024-09-10,2024,3,9,September,37,10,Tuesday,False,False,3,2024-Q3
985,2024-09-11,2024,3,9,September,37,11,Wednesday,False,False,3,2024-Q3
986,2024-09-12,2024,3,9,September,37,12,Thursday,False,False,3,2024-Q3
987,2024-09-13,2024,3,9,September,37,13,Friday,False,False,3,2024-Q3
988,2024-09-14,2024,3,9,September,37,14,Saturday,True,False,3,2024-Q3
989,2024-09-15,2024,3,9,September,37,15,Sunday,True,False,3,2024-Q3
990,2024-09-16,2024,3,9,September,38,16,Monday,False,False,3,2024-Q3
991,2024-09-17,2024,3,9,September,38,17,Tuesday,False,False,3,2024-Q3
992,2024-09-18,2024,3,9,September,38,18,Wednesday,False,False,3,2024-Q3
993,2024-09-19,2024,3,9,September,38,19,Thursday,False,False,3,2024-Q3
994,2024-09-20,2024,3,9,September,38,20,Friday,False,False,3,2024-Q3
995,2024-09-21,2024,3,9,September,38,21,Saturday,True,False,3,2024-Q3
996,2024-09-22,2024,3,9,September,38,22,Sunday,True,False,3,2024-Q3
997,2024-09-23,2024,3,9,September,39,23,Monday,False,False,3,2024-Q3
998,2024-09-24,2024,3,9,September,39,24,Tuesday,False,False,3,2024-Q3
999,2024-09-25,2024,3,9,September,39,25,Wednesday,False,False,3,2024-Q3
1000,2024-09-26,2024,3,9,September,39,26,Thursday,False,False,3,2024-Q3
1001,2024-09-27,2024,3,9,September,39,27,Friday,False,False,3,2024-Q3
1002,2024-09-28,2024,3,9,September,39,28,Saturday,True,False,3,2024-Q3
1003,2024-09-29,2024,3,9,September,39,29,Sunday,True,False,3,2024-Q3
1004,2024-09-30,2024,3,9,September,40,30,Monday,False,False,3,2024-Q3
1005,2024-10-01,2024,4,10,October,40,1,Tuesday,False,False,4,2024-Q4
1006,2024-10-02,2024,4,10,October,40,2,Wednesday,False,False,4,2024-Q4
1007,2024-10-03,2024,4,10,October,40,3,Thursday,False,False,4,2024-Q4
1008,2024-10-04,2024,4,10,October,40,4,Friday,False,False,4,2024-Q4
1009,2024-10-05,2024,4,10,October,40,5,Saturday,True,False,4,2024-Q4
1010,2024-10-06,2024,4,10,October,40,6,Sunday,True,False,4,2024-Q4
1011,2024-10-07,2024,4,10,October,41,7,Monday,False,False,4,2024-Q4
1012,2024-10-08,2024,4,10,October,41,8,Tuesday,False,False,4,2024-Q4
1013,2024-10-09,2024,4,10,October,41,9,Wednesday,False,False,4,2024-Q4
1014,2024-10-10,2024,4,10,October,41,10,Thursday,False,False,4,2024-Q4
1015,2024-10-11,2024,4,10,October,41,11,Friday,False,False,4,2024-Q4
1016,2024-10-12,2024,4,10,October,41,12,Saturday,True,False,4,2024-Q4
1017,2024-10-13,2024,4,10,October,41,13,Sunday,True,False,4,2024-Q4
1018,2024-10-14,2024,4,10,October,42,14,Monday,False,False,4,2024-Q4
1019,2024-10-15,2024,4,10,October,42,15,Tuesday,False,False,4,2024-Q4
1020,2024-10-16,2024,4,10,October,42,16,Wednesday,False,False,4,2024-Q4
1021,2024-10-17,2024,4,10,October,42,17,Thursday,False,False,4,2024-Q4
1022,2024-10-18,2024,4,10,October,42,18,Friday,False,False,4,2024-Q4
1023,2024-10-19,2024,4,10,October,42,19,Saturday,True,False,4,2024-Q4
1024,2024-10-20,2024,4,10,October,42,20,Sunday,True,False,4,2024-Q4
1025,2024-10-21,2024,4,10,October,43,21,Monday,False,False,4,2024-Q4
1026,2024-10-22,2024,4,10,October,43,22,Tuesday,False,False,4,2024-Q4
1027,2024-10-23,2024,4,10,October,43,23,Wednesday,False,False,4,2024-Q4
1028,2024-10-24,2024,4,10,October,43,24,Thursday,False,False,4,2024-Q4
1029,2024-10-25,2024,4,10,October,43,25,Friday,False,False,4,2024-Q4
1030,2024-10-26,2024,4,10,October,43,26,Saturday,True,False,4,2024-Q4
1031,2024-10-27,2024,4,10,October,43,27,Sunday,True,False,4,2024-Q4
1032,2024-10-28,2024,4,10,October,44,28,Monday,False,False,4,2024-Q4
1033,2024-10-29,2024,4,10,October,44,29,Tuesday,False,False,4,2024-Q4
1034,2024-10-30,2024,4,10,October,44,30,Wednesday,False,False,4,2024-Q4
1035,2024-10-31,2024,4,10,October,44,31,Thursday,False,False,4,2024-Q4
1036,2024-11-01,2024,4,11,November,44,1,Friday,False,False,4,2024-Q4
1037,2024-11-02,2024,4,11,November,44,2,Saturday,True,False,4,2024-Q4
1038,2024-11-03,2024,4,11,November,44,3,Sunday,True,False,4,2024-Q4
1039,2024-11-04,2024,4,11,November,45,4,Monday,False,False,4,2024-Q4
1040,2024-11-05,2024,4,11,November,45,5,Tuesday,False,False,4,2024-Q4
1041,2024-11-06,2024,4,11,November,45,6,Wednesday,False,False,4,2024-Q4
1042,2024-11-07,2024,4,11,November,45,7,Thursday,False,False,4,2024-Q4
1043,2024-11-08,2024,4,11,November,45,8,Friday,False,False,4,2024-Q4
1044,2024-11-09,2024,4,11,November,45,9,Saturday,True,False,4,2024-Q4
1045,2024-11-10,2024,4,11,November,45,10,Sunday,True,False,4,2024-Q4
1046,2024-11-11,2024,4,11,November,46,11,Monday,False,False,4,2024-Q4
1047,2024-11-12,2024,4,11,November,46,12,Tuesday,False,False,4,2024-Q4
1048,2024-11-13,2024,4,11,November,46,13,Wednesday,False,False,4,2024-Q4
1049,2024-11-14,2024,4,11,November,46,14,Thursday,False,False,4,2024-Q4
1050,2024-11-15,2024,4,11,November,46,15,Friday,False,False,4,2024-Q4
1051,2024-11-16,2024,4,11,November,46,16,Saturday,True,False,4,2024-Q4
1052,2024-11-17,2024,4,11,November,46,17,Sunday,True,False,4,2024-Q4
1053,2024-11-18,2024,4,11,November,47,18,Monday,False,False,4,2024-Q4
1054,2024-11-19,2024,4,11,November,47,19,Tuesday,False,False,4,2024-Q4
1055,2024-11-20,2024,4,11,November,47,20,Wednesday,False,False,4,2024-Q4
1056,2024-11-21,2024,4,11,November,47,21,Thursday,False,False,4,2024-Q4
1057,2024-11-22,2024,4,11,November,47,22,Friday,False,False,4,2024-Q4
1058,2024-11-23,2024,4,11,November,47,23,Saturday,True,False,4,2024-Q4
1059,2024-11-24,2024,4,11,November,47,24,Sunday,True,False,4,2024-Q4
1060,2024-11-25,2024,4,11,November,48,25,Monday,False,False,4,2024-Q4
1061,2024-11-26,2024,4,11,November,48,26,Tuesday,False,False,4,2024-Q4
1062,2024-11-27,2024,4,11,November,48,27,Wednesday,False,False,4,2024-Q4
1063,2024-11-28,2024,4,11,November,48,28,Thursday,False,False,4,2024-Q4
1064,2024-11-29,2024,4,11,November,48,29,Friday,False,False,4,2024-Q4
1065,2024-11-30,2024,4,11,November,48,30,Saturday,True,False,4,2024-Q4
1066,2024-12-01,2024,4,12,December,48,1,Sunday,True,False,4,2024-Q4
1067,2024-12-02,2024,4,12,December,49,2,Monday,False,False,4,2024-Q4
1068,2024-12-03,2024,4,12,December,49,3,Tuesday,False,False,4,2024-Q4
1069,2024-12-04,2024,4,12,December,49,4,Wednesday,False,False,4,2024-Q4
1070,2024-12-05,2024,4,12,December,49,5,Thursday,False,False,4,2024-Q4
1071,2024-12-06,2024,4,12,December,49,6,Friday,False,False,4,2024-Q4
1072,2024-12-07,2024,4,12,December,49,7,Saturday,True,False,4,2024-Q4
1073,2024-12-08,2024,4,12,December,49,8,Sunday,True,False,4,2024-Q4
1074,2024-12-09,2024,4,12,December,50,9,Monday,False,False,4,2024-Q4
1075,2024-12-10,2024,4,12,December,50,10,Tuesday,False,False,4,2024-Q4
1076,2024-12-11,2024,4,12,December,50,11,Wednesday,False,False,4,2024-Q4
1077,2024-12-12,2024,4,12,December,50,12,Thursday,False,False,4,2024-Q4
1078,2024-12-13,2024,4,12,December,50,13,Friday,False,False,4,2024-Q4
1079,2024-12-14,2024,4,12,December,50,14,Saturday,True,False,4,2024-Q4
1080,2024-12-15,2024,4,12,December,50,15,Sunday,True,False,4,2024-Q4
1081,2024-12-16,2024,4,12,December,51,16,Monday,False,False,4,2024-Q4
1082,2024-12-17,2024,4,12,December,51,17,Tuesday,False,False,4,2024-Q4
1083,2024-12-18,2024,4,12,December,51,18,Wednesday,False,False,4,2024-Q4
1084,2024-12-19,2024,4,12,December,51,19,Thursday,False,False,4,2024-Q4
1085,2024-12-20,2024,4,12,December,51,20,Friday,False,False,4,2024-Q4
1086,2024-12-21,2024,4,12,December,51,21,Saturday,True,False,4,2024-Q4
1087,2024-12-22,2024,4,12,December,51,22,Sunday,True,False,4,2024-Q4
1088,2024-12-23,2024,4,12,December,52,23,Monday,False,False,4,2024-Q4
1089,2024-12-24,2024,4,12,December,52,24,Tuesday,False,False,4,2024-Q4
1090,2024-12-25,2024,4,12,December,52,25,Wednesday,False,True,4,2024-Q4
1091,2024-12-26,2024,4,12,December,52,26,Thursday,False,False,4,2024-Q4
1092,2024-12-27,2024,4,12,December,52,27,Friday,False,False,4,2024-Q4
1093,2024-12-28,2024,4,12,December,52,28,Saturday,True,False,4,2024-Q4
1094,2024-12-29,2024,4,12,December,52,29,Sunday,True,False,4,2024-Q4
1095,2024-12-30,2024,4,12,December,1,30,Monday,False,False,4,2024-Q4
1096,2024-12-31,2024,4,12,December,1,31,Tuesday,False,False,4,2024-Q4
1097,2025-01-01,2025,1,1,January,1,1,Wednesday,False,True,1,2025-Q1
1098,2025-01-02,2025,1,1,January,1,2,Thursday,False,False,1,2025-Q1
1099,2025-01-03,2025,1,1,January,1,3,Friday,False,False,1,2025-Q1
1100,2025-01-04,2025,1,1,January,1,4,Saturday,True,False,1,2025-Q1
1101,2025-01-05,2025,1,1,January,1,5,Sunday,True,False,1,2025-Q1
1102,2025-01-06,2025,1,1,January,2,6,Monday,False,False,1,2025-Q1
1103,2025-01-07,2025,1,1,January,2,7,Tuesday,False,False,1,2025-Q1
1104,2025-01-08,2025,1,1,January,2,8,Wednesday,False,False,1,2025-Q1
1105,2025-01-09,2025,1,1,January,2,9,Thursday,False,False,1,2025-Q1
1106,2025-01-10,2025,1,1,January,2,10,Friday,False,False,1,2025-Q1
1107,2025-01-11,2025,1,1,January,2,11,Saturday,True,False,1,2025-Q1
1108,2025-01-12,2025,1,1,January,2,12,Sunday,True,False,1,2025-Q1
1109,2025-01-13,2025,1,1,January,3,13,Monday,False,False,1,2025-Q1
1110,2025-01-14,2025,1,1,January,3,14,Tuesday,False,False,1,2025-Q1
1111,2025-01-15,2025,1,1,January,3,15,Wednesday,False,False,1,2025-Q1
1112,2025-01-16,2025,1,1,January,3,16,Thursday,False,False,1,2025-Q1
1113,2025-01-17,2025,1,1,January,3,17,Friday,False,False,1,2025-Q1
1114,2025-01-18,2025,1,1,January,3,18,Saturday,True,False,1,2025-Q1
