customer_key,customer_id,customer_name,email,phone,customer_segment,loyalty_tier,registration_date,preferred_channel
1,CUST_01,Jesse Townsend,bdennis@example.net,581-617-4035,Consumer,Silver,2021-04-03,Online
2,CUST_02,Chloe Sanford,tanner83@example.net,447.335.7143,Enterprise,Gold,2020-08-31,Both
3,CUST_03,Luis Jackson,patrickwilliamson@example.net,001-508-489-8267,Small Business,Silver,2020-02-16,Both
4,CUST_04,Joyce Higgins,hannahgaines@example.net,267-251-7123,Consumer,Gold,2020-05-02,In-Store
5,CUST_05,Shelby Dennis,petersmith@example.org,5216211550,Consumer,Silver,2020-08-01,Both
6,CUST_06,Hannah Gibbs,collinskayla@example.com,925-522-1652x6967,Consumer,Bronze,2021-01-21,In-Store
7,CUST_07,Stephanie Smith,zbrown@example.com,637-956-7437,Consumer,Gold,2020-12-20,In-Store
8,CUST_08,Kevin Compton,tolson@example.org,(481)544-9045x32932,Enterprise,Platinum,2020-07-22,Both
9,CUST_09,Robert Gilmore,ychandler@example.org,343-823-5313,Small Business,Platinum,2020-02-25,Online
10,CUST_10,Joe Payne,pereztyler@example.com,001-681-737-8462,Small Business,Gold,2020-02-05,In-Store
11,CUST_11,Jasmine Underwood,robertreeves@example.net,+1-318-468-5018,Consumer,Silver,2020-08-29,Online
12,CUST_12,Christy Bender,alee@example.net,(636)883-2766,Enterprise,Gold,2020-04-30,Both
13,CUST_13,Mr. Manuel Lyons,kwalton@example.com,687.706.9377,Small Business,Platinum,2020-04-16,Both
14,CUST_14,Sean Bowen,mendozamichael@example.com,8147294744,Consumer,Gold,2020-08-03,Online
15,CUST_15,Brent Wade,conniewilliams@example.net,684.791.8551x17619,Consumer,Bronze,2020-10-14,In-Store
16,CUST_16,Christina Wilson,cookmonique@example.net,545-470-8822x0427,Consumer,Bronze,2020-04-09,Both
17,CUST_17,Linda Bowen,mullinsdavid@example.org,773.946.9691x7158,Consumer,Bronze,2020-02-01,Online
18,CUST_18,Christopher Ross,angelicamiles@example.net,895.257.0256x12666,Consumer,Gold,2020-03-28,In-Store
19,CUST_19,Catherine Garcia,kelly04@example.com,2975895982,Consumer,Platinum,2020-11-04,Both
20,CUST_20,Catherine Bowers,brodriguez@example.net,624.843.7906,Consumer,Bronze,2021-02-13,Online
21,CUST_21,Chelsea Benton,ydavis@example.org,645.652.1542,Small Business,Gold,2020-06-08,In-Store
22,CUST_22,Kevin Sanders,christinamills@example.com,526-409-6207x6579,Consumer,Bronze,2020-07-08,Online
23,CUST_23,Linda Turner,blairkathleen@example.com,+1-392-814-7386x62547,Consumer,Platinum,2021-03-16,Both
24,CUST_24,Brandon Russell,robersonnancy@example.com,+1-785-550-2258,Consumer,Gold,2020-03-30,Both
25,CUST_25,Kimberly Thompson,butlerkristin@example.org,826-746-0879x60331,Consumer,Gold,2020-04-23,Both
26,CUST_26,Courtney Morton,ashley25@example.org,+1-449-901-2786x144,Small Business,Silver,2023-10-01,In-Store
27,CUST_27,Laura Bryant,thomaskennedy@example.org,+1-627-914-8253x76066,Consumer,Silver,2022-09-21,Both
28,CUST_28,Marcus Elliott,johnsonjoseph@example.org,(734)746-0548x16119,Consumer,Bronze,2021-07-20,Both
29,CUST_29,Cynthia Hunt,timothygalloway@example.com,+1-484-898-4110x4517,Consumer,Bronze,2022-10-19,Online
30,CUST_30,Rachael Nelson,vmccoy@example.org,982-424-9327,Consumer,Gold,2023-11-23,Both
31,CUST_31,Denise Yang,bholland@example.com,795.235.8183,Small Business,Gold,2022-07-14,Online
32,CUST_32,Randy Miller,andre15@example.net,+1-912-538-7733x802,Consumer,Platinum,2023-02-08,In-Store
33,CUST_33,Jason Hurst,parkermelinda@example.net,5379437296,Consumer,Platinum,2023-07-30,Online
34,CUST_34,John Mack PhD,nicole90@example.net,444-343-0686,Enterprise,Gold,2022-03-19,Online
35,CUST_35,Mr. William Bartlett,anthonyhines@example.org,(337)639-8701x4844,Enterprise,Platinum,2023-02-06,Online
36,CUST_36,Lori Aguilar,tcarter@example.org,640.692.5455x449,Small Business,Platinum,2022-03-10,In-Store
37,CUST_37,Kelsey Hamilton,robertotaylor@example.net,902.209.0339x4956,Consumer,Gold,2021-09-04,Online
38,CUST_38,Jason Mooney,tracysmith@example.com,956.787.2688x50902,Consumer,Bronze,2021-12-10,In-Store
39,CUST_39,Jerry Wolfe,alexanelson@example.org,(472)553-1781,Small Business,Silver,2021-11-15,Online
40,CUST_40,Michael Ryan,kaitlyn80@example.net,245-492-9439x47258,Consumer,Bronze,2023-11-22,Online
41,CUST_41,Anna Adams,sheltonjeremy@example.net,866.940.2393,Consumer,Platinum,2023-10-21,In-Store
42,CUST_42,Amanda Mueller,ashleyford@example.com,+1-480-756-3485x9782,Consumer,Silver,2022-05-25,In-Store
43,CUST_43,Melanie Tucker,wmitchell@example.com,2149298398,Consumer,Bronze,2022-02-14,Online
44,CUST_44,Sarah Williams,donaldmiller@example.com,329.621.9461x4976,Enterprise,Platinum,2023-12-03,Both
45,CUST_45,Jesse Duffy,lisadavis@example.com,593.672.3607x1384,Consumer,Silver,2021-08-11,Both
46,CUST_46,Renee Buck,alexanderelizabeth@example.net,+1-679-684-1420x9570,Small Business,Silver,2022-02-19,In-Store
47,CUST_47,Marcus Barton,moorejulian@example.org,(203)964-8624x510,Consumer,Bronze,2023-12-19,Online
48,CUST_48,Brittany Duffy,laustin@example.net,001-546-571-7516x5559,Consumer,Silver,2021-12-26,Online
49,CUST_49,Mark Cordova,daltonrichard@example.com,241-837-1489x3656,Consumer,Silver,2022-05-05,Both
50,CUST_50,David Taylor,smithgregory@example.org,(800)741-3721x6120,Consumer,Gold,2022-09-06,Online
51,CUST_51,Stephanie Lopez,lisa22@example.com,945-747-6022,Enterprise,Gold,2023-11-14,Both
52,CUST_52,Sarah Sampson,michaelcampbell@example.com,001-617-479-1716,Small Business,Platinum,2022-12-12,In-Store
53,CUST_53,Jenna Thomas,laurenweber@example.org,+1-210-657-9273x3148,Enterprise,Gold,2022-12-28,Both
54,CUST_54,Angela Green DVM,theresa38@example.net,793-833-6991x43540,Enterprise,Gold,2023-09-15,Both
55,CUST_55,Thomas Bennett,scottsmith@example.com,966-390-7806x867,Consumer,Gold,2022-02-26,Both
56,CUST_56,Kimberly English,afernandez@example.net,230-590-8122x311,Enterprise,Gold,2022-05-06,In-Store
57,CUST_57,Stephen Wright MD,susanpitts@example.org,001-887-865-2122x0708,Consumer,Bronze,2023-05-23,In-Store
58,CUST_58,Courtney Smith,michael52@example.org,(331)801-6664,Consumer,Bronze,2022-09-08,Online
59,CUST_59,Whitney Michael,brownanne@example.com,001-270-511-0840x01984,Consumer,Gold,2023-01-28,Online
60,CUST_60,Michael Sanchez,cindysmith@example.net,260.546.3764x5453,Consumer,Silver,2022-07-01,In-Store
61,CUST_61,Greg Thompson,jennifer87@example.net,267.804.1503,Consumer,Silver,2022-07-19,Both
62,CUST_62,Krista Hall,sjohnson@example.net,670.870.7919x7004,Consumer,Bronze,2022-09-03,Both
63,CUST_63,Steven Harris,robertcarrillo@example.com,670.321.6581x790,Small Business,Bronze,2021-11-11,Both
64,CUST_64,Joyce Silva,yshields@example.com,353.752.2290,Consumer,Bronze,2021-11-14,Online
65,CUST_65,Eric Acevedo,yburns@example.org,366-909-3245,Consumer,Bronze,2023-01-02,Online
66,CUST_66,Vernon Snow,snydersheila@example.com,+1-859-570-3162x96068,Consumer,Silver,2021-10-02,In-Store
67,CUST_67,Larry Patterson,meghan79@example.com,532-907-1361x0249,Consumer,Bronze,2023-01-02,Online
68,CUST_68,Brandon Coleman,hessapril@example.com,+1-473-301-1246x084,Small Business,Silver,2023-08-16,Online
69,CUST_69,Kelly Gray,amandagonzalez@example.net,479.839.6116x85559,Consumer,Gold,2023-08-31,Online
70,CUST_70,Mario Peters,schmidtmariah@example.net,479-231-9027x037,Enterprise,Gold,2023-06-21,Online
71,CUST_71,Susan Willis,christopher54@example.net,730-568-4971,Small Business,Silver,2021-07-06,Online
72,CUST_72,Kristina Mcgrath,barajasmargaret@example.com,+1-526-345-2222x32893,Consumer,Gold,2021-12-13,Online
73,CUST_73,Daniel Allison,froststeven@example.com,490.574.9160,Consumer,Bronze,2022-10-25,Online
74,CUST_74,Michael Strickland,pamela36@example.net,001-205-902-7273x319,Small Business,Gold,2023-12-03,Online
75,CUST_75,Jessica Johnson,carlos31@example.net,265-691-5595x70818,Small Business,Platinum,2022-08-10,Both
76,CUST_76,Anthony Berry,vickilarson@example.org,987.970.4928x4278,Small Business,Platinum,2023-11-21,In-Store
77,CUST_77,Randall Walker,rivaspaul@example.com,+1-797-810-0495x5744,Small Business,Bronze,2022-09-05,Online
78,CUST_78,Kathleen Aguilar,pwilliams@example.net,001-344-311-1856x5876,Consumer,Gold,2022-11-30,In-Store
79,CUST_79,Tina Orozco,karirogers@example.net,842.917.3834x7328,Consumer,Silver,2021-10-12,Online
80,CUST_80,Christina Summers,calhounkevin@example.org,001-443-793-4587,Consumer,Bronze,2023-09-16,Both
81,CUST_81,Michael Montgomery,watkinsshannon@example.net,8219002312,Enterprise,Gold,2023-02-19,Both
82,CUST_82,Ashley Cook,mary45@example.org,873.713.0045x444,Small Business,Platinum,2022-06-25,Online
83,CUST_83,David Morse,paula14@example.org,+1-587-241-1350x1292,Consumer,Silver,2023-05-25,Online
84,CUST_84,Paul Smith,latoya18@example.org,9012699380,Consumer,Bronze,2023-03-29,Both
85,CUST_85,David Huynh,mathew98@example.org,490.328.4525x315,Consumer,Silver,2023-06-04,Both
86,CUST_86,Regina Hernandez,michelle77@example.net,(620)993-4680x3648,Consumer,Bronze,2023-04-02,Online
87,CUST_87,Jason Kelley,eferrell@example.net,903-858-1750,Small Business,Bronze,2022-09-03,In-Store
88,CUST_88,John Wheeler,ochoaandrea@example.com,001-972-397-5353x4995,Small Business,Bronze,2023-11-06,Online
89,CUST_89,Sarah Walker,allenhannah@example.com,554-641-1087x751,Enterprise,Silver,2023-07-26,Both
90,CUST_90,Dr. Charles Pierce,hnavarro@example.org,+1-509-223-4406x19178,Consumer,Bronze,2022-06-27,Online
91,CUST_91,Paul Barry,jeffreylong@example.org,(618)809-8185,Consumer,Bronze,2023-07-31,Both
92,CUST_92,Rachel Savage,kendraduran@example.net,609.210.6756x5013,Small Business,Gold,2023-07-25,In-Store
93,CUST_93,Edwin Owens,bcook@example.com,+1-935-822-6224x73454,Small Business,Bronze,2023-01-28,In-Store
94,CUST_94,Stacey Hines,angela83@example.org,727-589-3378x8458,Consumer,Bronze,2023-11-27,In-Store
95,CUST_95,Andrea Hernandez,vcain@example.com,001-378-466-5212x6193,Small Business,Platinum,2023-07-08,Online
96,CUST_96,Amanda Gonzalez,raymondmay@example.net,001-893-455-3188,Consumer,Silver,2023-03-12,Online
97,CUST_97,Michelle Marquez,kerrikeller@example.com,642-684-9128,Consumer,Silver,2023-04-08,Online
98,CUST_98,Brandi Smith,brandywilliams@example.com,913.696.3922x976,Consumer,Bronze,2022-12-26,Online
99,CUST_99,Michael Garcia,hbryant@example.com,762.660.9789,Consumer,Bronze,2022-04-24,In-Store
100,CUST_100,James Hill,alexander85@example.com,995.586.0896,Consumer,Bronze,2023-11-20,Online
101,CUST_101,Dalton Fletcher,christinelindsey@example.org,001-872-707-4773x314,Consumer,Bronze,2023-02-14,Online
102,CUST_102,Gabriel Smith,mark79@example.com,578.297.2970x833,Small Business,Silver,2022-03-31,Both
103,CUST_103,Maria Ortiz,jamessanders@example.org,(977)408-5337x98365,Consumer,Bronze,2022-07-25,Both
104,CUST_104,Ryan Burke,anthonyhaney@example.com,+1-630-835-1211x859,Consumer,Bronze,2022-08-10,Both
105,CUST_105,Bradley Silva,robertatkins@example.org,001-592-556-1717x852,Enterprise,Silver,2022-03-26,Both
106,CUST_106,Nathaniel Herrera,tmcdonald@example.org,001-682-713-3239x50845,Consumer,Silver,2021-09-17,Online
107,CUST_107,Eric Fitzgerald,paulastanton@example.org,648-328-3234x64761,Consumer,Bronze,2023-11-05,Online
108,CUST_108,Maureen Castaneda,judyjohnson@example.com,(771)905-5221,Small Business,Silver,2022-01-01,Both
109,CUST_109,Richard Brown,melissa97@example.com,+1-575-562-2348x26464,Consumer,Silver,2023-01-13,In-Store
110,CUST_110,Allison Sheppard,christopher21@example.com,(936)752-3416,Consumer,Silver,2021-09-08,Online
111,CUST_111,Michael Acosta,srandolph@example.org,+1-843-402-1871x8172,Consumer,Bronze,2022-05-08,Both
112,CUST_112,Natalie Smith,ashley92@example.com,001-969-492-5283x583,Consumer,Gold,2023-01-05,Online
113,CUST_113,William Thornton,evansdavid@example.org,228-952-1646x1402,Enterprise,Gold,2022-03-21,Online
114,CUST_114,Daniel Smith,tdaniels@example.org,(668)339-5877x399,Small Business,Bronze,2023-05-02,In-Store
115,CUST_115,Heather Evans,akerr@example.org,233-412-4890x399,Small Business,Platinum,2023-10-02,In-Store
116,CUST_116,Thomas Garcia,john08@example.com,801-592-4187x6827,Enterprise,Platinum,2022-07-11,Both
117,CUST_117,Maria Erickson,gsmith@example.net,9454872764,Small Business,Bronze,2021-08-04,Online
118,CUST_118,Cynthia King,davidhernandez@example.net,668-798-3114x10851,Consumer,Bronze,2022-03-22,Both
119,CUST_119,Brian Vaughan,mark08@example.net,(573)955-9339x773,Enterprise,Platinum,2022-09-29,Online
120,CUST_120,Gina Williams,harringtonsamuel@example.com,802.707.5922x2045,Consumer,Silver,2023-07-05,Online
121,CUST_121,Crystal Wright,jennifer67@example.org,001-353-572-6569x309,Small Business,Bronze,2021-08-24,Both
122,CUST_122,Brandon Ramirez,meganzamora@example.net,791.304.1426x731,Enterprise,Silver,2022-03-06,Both
123,CUST_123,Cynthia Torres,olsonsean@example.net,771.901.6178x353,Consumer,Bronze,2023-12-11,Both
124,CUST_124,Jeremiah Myers,parsonsamanda@example.net,6998501155,Consumer,Silver,2022-05-26,Both
125,CUST_125,Colton Jones,craigpruitt@example.net,820.854.8312x65364,Consumer,Silver,2022-03-20,In-Store
126,CUST_126,Cynthia Luna,jakekhan@example.org,6926084833,Consumer,Bronze,2021-09-28,In-Store
127,CUST_127,Dr. Joshua Wheeler,jacksonmatthew@example.com,+1-478-751-9580,Small Business,Silver,2022-04-26,Online
128,CUST_128,Robert Mcdaniel,griffinjohn@example.com,(501)942-3137x03557,Enterprise,Platinum,2022-12-18,In-Store
129,CUST_129,Melissa Robinson,jefferyknight@example.net,001-572-319-2464x596,Consumer,Bronze,2022-11-30,Online
130,CUST_130,Courtney Patel,margaret39@example.org,+1-774-618-0231,Consumer,Bronze,2023-07-28,Online
131,CUST_131,Elizabeth Crosby,kellerkatie@example.com,+1-476-498-4905x3054,Consumer,Silver,2023-03-11,In-Store
132,CUST_132,Tonya Carson,karen93@example.org,001-794-667-5946x19102,Consumer,Gold,2022-03-09,Online
133,CUST_133,David Miller,lori26@example.org,815.345.5134x77296,Consumer,Silver,2022-03-13,Online
134,CUST_134,Lori Warren,fpierce@example.org,330-613-9341x753,Consumer,Silver,2022-09-17,Online
135,CUST_135,Sean Hodge,ewagner@example.org,855-679-1466x906,Enterprise,Silver,2023-05-07,Both
136,CUST_136,Jose Johnson,davisjohn@example.org,9104722564,Consumer,Silver,2023-05-31,Online
137,CUST_137,Kathleen Oconnor,jameseric@example.net,392-894-5572x3328,Consumer,Silver,2023-11-15,Both
138,CUST_138,Susan Cordova,lbrown@example.net,001-968-907-9195x5741,Small Business,Silver,2023-10-22,In-Store
139,CUST_139,Ann Ball,davislisa@example.org,688-899-0124,Consumer,Bronze,2021-07-18,Online
140,CUST_140,Ronald Hernandez,grahamtiffany@example.com,3442428081,Enterprise,Gold,2022-02-05,Both
141,CUST_141,Amy Best,dustin85@example.org,(513)505-7489x928,Enterprise,Bronze,2023-11-12,Both
142,CUST_142,Nicole Gomez,youngdebra@example.net,(544)752-0293,Consumer,Bronze,2021-11-25,Online
143,CUST_143,Jon Hayden,xpalmer@example.org,7348833960,Consumer,Bronze,2022-05-02,In-Store
144,CUST_144,Kelly Coleman,khart@example.com,201-255-9359,Consumer,Bronze,2022-10-14,In-Store
145,CUST_145,Rachel Frazier,dbauer@example.org,(312)754-4923x363,Consumer,Bronze,2021-07-10,Online
146,CUST_146,John Hayes,uferrell@example.org,627-447-6380x492,Consumer,Gold,2023-02-26,Both
147,CUST_147,Kellie Le,simongregory@example.org,381-253-8472x10003,Small Business,Gold,2023-06-25,Both
148,CUST_148,Alex Grimes,howelldevin@example.org,(634)539-6882,Consumer,Silver,2023-09-28,In-Store
149,CUST_149,Misty Yates,hollysutton@example.com,997-475-1697x147,Consumer,Gold,2022-02-10,Both
150,CUST_150,Scott Ramirez,irowe@example.org,4689615818,Consumer,Silver,2023-06-22,Both
151,CUST_151,Timothy Hart,warneranita@example.org,(564)967-8949x226,Enterprise,Silver,2022-03-10,Both
152,CUST_152,James Lane,twright@example.com,643-376-3892,Consumer,Silver,2022-08-10,Both
153,CUST_153,Alexis Parks,lisamorgan@example.com,240.419.4714x0434,Consumer,Silver,2022-06-07,In-Store
154,CUST_154,Jane Glenn,bryangriffin@example.org,975-980-5330x664,Consumer,Silver,2021-09-13,In-Store
155,CUST_155,David Stanley,adammason@example.com,001-279-227-0133x9415,Enterprise,Gold,2022-06-21,Both
156,CUST_156,Martin Pope,dorseynathan@example.org,488.746.4972x97461,Consumer,Bronze,2023-06-29,In-Store
157,CUST_157,Jeffrey Brooks Jr.,gsanchez@example.org,958-255-9184x8240,Small Business,Silver,2023-05-13,Online
158,CUST_158,Brian Schmidt,alexandercopeland@example.net,292.935.9722x082,Small Business,Silver,2023-04-05,Both
159,CUST_159,Angel Huynh,qgonzalez@example.org,001-506-553-9432,Consumer,Silver,2023-04-21,Both
160,CUST_160,Joshua Graham,ppena@example.org,001-408-951-3942x22179,Small Business,Gold,2021-09-12,Online
161,CUST_161,Todd Knight,dlewis@example.net,001-746-814-9130x14899,Consumer,Bronze,2022-06-11,Both
162,CUST_162,Zachary Thompson,paynegwendolyn@example.com,(846)376-3324,Small Business,Platinum,2023-12-14,Online
163,CUST_163,Joseph Owens,melinda30@example.net,001-793-462-2583,Small Business,Gold,2023-05-01,Online
164,CUST_164,Samantha Sanford,xmorgan@example.com,001-442-877-0084x8958,Consumer,Bronze,2023-10-15,In-Store
165,CUST_165,Megan Payne,manuelzamora@example.org,291-985-9706x38206,Consumer,Bronze,2022-04-19,Online
166,CUST_166,Karen Edwards,jamie33@example.com,+1-338-505-2673x37894,Small Business,Bronze,2022-01-17,Both
167,CUST_167,Kimberly Lowe,jrojas@example.com,(690)411-2809x53210,Consumer,Bronze,2022-03-08,Both
168,CUST_168,Jeremy Cooper,smithtaylor@example.net,990.899.0828,Consumer,Bronze,2021-07-24,In-Store
169,CUST_169,Kimberly Flores,ukirby@example.org,001-843-803-5232,Consumer,Bronze,2021-12-31,Online
170,CUST_170,Stephen Christensen,teresa35@example.com,+1-681-221-5600x07751,Consumer,Bronze,2022-01-23,Online
171,CUST_171,Heather Miller,andrew20@example.com,+1-944-284-6592,Small Business,Bronze,2021-07-19,In-Store
172,CUST_172,Mr. Michael Watson,eflowers@example.net,(616)215-6154x29707,Consumer,Gold,2023-06-30,Both
173,CUST_173,Heather Pearson,smorgan@example.net,489-528-5260x335,Consumer,Bronze,2022-10-15,In-Store
174,CUST_174,Mark Allen,david18@example.org,617.764.2653x92298,Consumer,Silver,2021-11-17,Online
175,CUST_175,Jacob Williams,anthonyadams@example.net,001-693-205-6750x66588,Small Business,Silver,2023-05-31,In-Store
176,CUST_176,Samantha Duncan,angela52@example.com,+1-229-755-7798x6733,Consumer,Platinum,2021-12-24,In-Store
177,CUST_177,Craig Gallagher,joseph06@example.org,243.555.6025x3060,Small Business,Bronze,2022-06-18,Both
178,CUST_178,Tamara Robinson,jacksonkathleen@example.org,+1-374-499-9833x341,Consumer,Bronze,2022-08-21,Online
179,CUST_179,Kathleen Williams,dward@example.net,845.250.6819,Enterprise,Platinum,2022-02-10,Both
180,CUST_180,Richard Williams,terripeterson@example.com,001-423-671-2650,Consumer,Gold,2023-04-16,In-Store
181,CUST_181,Matthew Merritt,shannon58@example.org,609.637.7396x8755,Consumer,Gold,2023-12-02,Both
182,CUST_182,David Griffin,kathleenjohnson@example.net,001-948-821-6092x21640,Consumer,Bronze,2023-08-24,Online
183,CUST_183,Teresa Castillo,jbeltran@example.org,9354985797,Enterprise,Silver,2022-12-06,Both
184,CUST_184,Breanna Rice,tanya76@example.com,892.893.0827,Enterprise,Platinum,2023-09-11,Both
185,CUST_185,Douglas Garcia,gevans@example.org,622.415.5209x3358,Consumer,Gold,2023-08-27,Online
186,CUST_186,Jasmine Willis,kingphillip@example.com,7577224601,Small Business,Gold,2023-05-18,Both
187,CUST_187,Evan Jones DDS,jhamilton@example.net,+1-252-956-1236x98111,Small Business,Gold,2022-12-07,In-Store
188,CUST_188,Emily Wilson,robertcunningham@example.org,7259426109,Consumer,Bronze,2023-04-25,Online
189,CUST_189,Diana Snyder,gruiz@example.com,+1-707-497-2727x5915,Consumer,Gold,2022-06-28,Online
190,CUST_190,Denise Mcdaniel,ramoskrista@example.com,+1-260-267-1709x6212,Consumer,Bronze,2021-07-22,In-Store
191,CUST_191,Gina Henry,andersonblake@example.com,401-986-5704,Consumer,Bronze,2023-10-30,Online
192,CUST_192,Morgan Rowland,myersdonna@example.com,894-334-9945,Enterprise,Gold,2021-12-05,Both
193,CUST_193,Pamela Hernandez,james89@example.com,336-501-0987x2378,Enterprise,Gold,2021-07-30,In-Store
194,CUST_194,Brian Mason,urodriguez@example.net,001-831-337-1088x03628,Small Business,Silver,2022-03-01,In-Store
195,CUST_195,John Gonzalez,grahamcarolyn@example.com,(674)639-3547x5889,Consumer,Bronze,2022-02-22,Online
196,CUST_196,Diane Mckinney,kristin97@example.org,430-833-4461x367,Consumer,Silver,2021-07-22,Both
197,CUST_197,Timothy Watson,chentara@example.com,(710)442-3068,Small Business,Silver,2023-06-01,Both
198,CUST_198,Nicole Bird,griffithmegan@example.org,(702)676-4767,Enterprise,Gold,2022-11-18,Both
199,CUST_199,Matthew White,loganfoley@example.com,898.980.4497x207,Enterprise,Silver,2022-10-13,Both
200,CUST_200,Nathan Smith,sue99@example.net,7815755668,Small Business,Silver,2023-11-20,Online
201,CUST_201,Haley Smith,allison69@example.net,(321)265-5923,Small Business,Silver,2023-03-23,Both
202,CUST_202,Robert Snyder,qpearson@example.net,713-982-1784x024,Consumer,Bronze,2022-01-17,Online
203,CUST_203,Kimberly Tran,cayers@example.com,(338)765-1803x9280,Consumer,Bronze,2023-11-18,Online
204,CUST_204,Wayne Lee,ashley62@example.com,291.848.8091x6274,Enterprise,Silver,2022-03-14,In-Store
205,CUST_205,Jeffery Christian,ybrown@example.net,001-443-893-0044x1462,Small Business,Bronze,2022-08-23,In-Store
206,CUST_206,Keith Welch,april92@example.org,294.432.0797x3434,Consumer,Platinum,2023-11-30,In-Store
207,CUST_207,Joseph Lopez,robertpratt@example.net,+1-580-899-0519x98446,Consumer,Bronze,2021-08-26,In-Store
208,CUST_208,Elizabeth Schwartz,bsimmons@example.net,(539)451-3746x0253,Small Business,Gold,2022-06-28,In-Store
209,CUST_209,Walter Kelly,gregory46@example.net,(852)828-1110x73709,Consumer,Bronze,2022-11-05,Online
210,CUST_210,Aaron Gonzalez,jameschandler@example.com,2243608319,Consumer,Silver,2022-04-16,Both
211,CUST_211,Chelsea Green,sherri85@example.com,863.329.4253x2925,Consumer,Gold,2022-11-29,Online
212,CUST_212,Dawn Jones,jwells@example.com,+1-608-663-5412,Small Business,Gold,2023-12-01,In-Store
213,CUST_213,Mary Johnson,markhall@example.com,+1-671-745-2054x22405,Small Business,Silver,2022-01-03,Online
214,CUST_214,Tracy Simmons,leedonald@example.com,502-876-7962x53180,Consumer,Silver,2022-01-17,In-Store
215,CUST_215,Brian Smith,jim36@example.net,402.721.3039x403,Small Business,Silver,2022-04-20,In-Store
216,CUST_216,Jason Smith,millerjudith@example.org,+1-341-880-1833x81496,Consumer,Gold,2022-05-20,Online
217,CUST_217,Travis Smith,nicole03@example.org,907.981.7833x0253,Consumer,Gold,2022-06-07,Online
218,CUST_218,Michael Cruz,johngriffin@example.com,745.344.6751x186,Small Business,Platinum,2022-03-29,In-Store
219,CUST_219,Amber Morales,qmartin@example.com,(865)336-2016x57707,Small Business,Bronze,2022-09-22,In-Store
220,CUST_220,Thomas Mccormick,nweber@example.net,215-929-9523x5995,Small Business,Gold,2022-09-18,Online
221,CUST_221,Mark Kim,curtis41@example.net,959.493.8727x73730,Small Business,Platinum,2023-01-25,Both
222,CUST_222,Calvin Hoffman,upeterson@example.org,+1-976-567-3084x606,Consumer,Bronze,2023-12-03,Online
223,CUST_223,Robin Barnes,youngluis@example.net,(742)588-3338,Consumer,Bronze,2023-08-15,Online
224,CUST_224,Molly Taylor,brian75@example.com,665.337.0495x186,Consumer,Silver,2021-11-16,Both
225,CUST_225,Michelle Coffey,bdavis@example.com,804-682-3552,Consumer,Silver,2022-12-06,Online
226,CUST_226,Beth Martinez,jacksonsara@example.org,591.990.1128,Consumer,Gold,2022-09-04,In-Store
227,CUST_227,Eric Ballard,pjones@example.org,+1-645-289-2151x51042,Enterprise,Silver,2023-05-02,In-Store
228,CUST_228,Sara Wallace,dylanmoody@example.net,412.321.3300,Consumer,Gold,2022-01-16,Online
229,CUST_229,Nicole Owens,goodmancourtney@example.net,(338)758-5454x3863,Enterprise,Silver,2022-10-01,Both
230,CUST_230,Ellen Rogers,yhill@example.org,308.970.9163x8734,Small Business,Bronze,2021-10-20,In-Store
231,CUST_231,Lisa Michael,vcastro@example.net,359.231.2163x88089,Small Business,Bronze,2022-11-19,Both
232,CUST_232,Erica Jackson,wongtaylor@example.net,596-469-6068x48956,Consumer,Gold,2022-04-13,Online
233,CUST_233,Joseph Riley,othompson@example.net,+1-430-891-2938,Consumer,Silver,2021-08-07,Online
234,CUST_234,Heather Bird,campbellamanda@example.com,635-983-6150x467,Consumer,Silver,2022-01-28,Online
235,CUST_235,Kristen Merritt,wanderson@example.com,(330)446-0830x611,Consumer,Bronze,2023-11-14,In-Store
236,CUST_236,Raymond Nichols,toddcynthia@example.net,2275675759,Small Business,Platinum,2022-05-22,Online
237,CUST_237,Paul Melendez,amberclayton@example.net,(970)878-5161,Consumer,Bronze,2022-12-04,Both
238,CUST_238,Ryan Ward,palmermichael@example.com,4574034102,Consumer,Gold,2023-05-12,Online
239,CUST_239,Douglas Crawford,stevensonjasmine@example.net,(453)419-1038x6142,Small Business,Silver,2023-12-28,Both
240,CUST_240,William Bowman,ojohnson@example.net,895-270-8719,Consumer,Bronze,2021-11-20,Online
241,CUST_241,Brandon Rice,knightgregory@example.org,001-288-244-2872x448,Enterprise,Gold,2021-07-25,Both
242,CUST_242,Laura Hernandez,johnsonanna@example.net,247-653-1561,Enterprise,Gold,2022-10-08,Both
243,CUST_243,Kevin Jones,fmichael@example.net,849.608.8570x21290,Enterprise,Platinum,2023-03-08,Both
244,CUST_244,Philip Glass,hduncan@example.com,(904)842-2235x14487,Consumer,Silver,2023-07-05,Both
245,CUST_245,Brian Wu,justin64@example.com,001-366-632-5267,Consumer,Bronze,2021-07-05,In-Store
246,CUST_246,Abigail Key,lopezhannah@example.net,(746)240-5219,Enterprise,Platinum,2022-05-08,Both
247,CUST_247,Lisa Shepard,grantlawrence@example.net,+1-377-729-1126,Consumer,Bronze,2022-03-12,Online
248,CUST_248,John Oneal,plopez@example.com,426-400-0605x738,Enterprise,Gold,2022-10-16,Online
249,CUST_249,Patricia White,stanleycox@example.net,960.375.2510,Enterprise,Platinum,2023-05-21,Both
250,CUST_250,Jeffrey Mcgee,colleen58@example.net,5756027484,Enterprise,Gold,2023-07-31,Both
251,CUST_251,Rebekah Morales,denise42@example.net,927.973.3456x0798,Consumer,Bronze,2021-11-13,In-Store
252,CUST_252,Laura Morris,luis49@example.com,(236)673-4445x8718,Consumer,Gold,2022-08-03,Online
253,CUST_253,Briana Brown,don37@example.org,884.211.1224,Enterprise,Gold,2021-10-03,Online
254,CUST_254,James Swanson,gpowell@example.net,001-376-685-9375,Consumer,Bronze,2021-07-22,Online
255,CUST_255,Brandon Davis,aaronparker@example.org,+1-796-982-4467x2493,Consumer,Bronze,2023-04-25,In-Store
256,CUST_256,Luis Morgan,hernandezcharlene@example.org,(736)489-9799,Consumer,Gold,2023-12-11,Online
257,CUST_257,Kaitlin King,hjensen@example.net,(438)456-6645x66744,Enterprise,Gold,2023-07-24,Online
258,CUST_258,Timothy Brown,josephmedina@example.org,(362)705-5079x1476,Small Business,Silver,2022-01-11,In-Store
259,CUST_259,Cynthia Myers,pamela01@example.org,(403)357-5268,Consumer,Gold,2021-09-04,Online
260,CUST_260,Jonathan Aguilar,karen08@example.org,+1-813-700-7209x83633,Consumer,Gold,2023-03-20,In-Store
261,CUST_261,Elizabeth Rangel,brandterika@example.net,(813)911-5728,Small Business,Bronze,2022-03-08,Online
262,CUST_262,Bianca Ingram,bkim@example.com,001-329-829-9569x4607,Enterprise,Gold,2022-03-29,Both
263,CUST_263,Kelly Bishop,sandra85@example.net,245.247.5993x36393,Consumer,Bronze,2022-12-21,Online
264,CUST_264,Samantha Herrera,carlos86@example.org,001-762-835-3013x87228,Consumer,Silver,2023-06-22,Online
265,CUST_265,Anna Leblanc,whitejerome@example.net,+1-732-904-2120x3678,Enterprise,Bronze,2023-10-31,Online
266,CUST_266,Tammy Hines,chelsea86@example.net,(782)203-1007x9426,Small Business,Gold,2022-12-24,Online
267,CUST_267,Nathan Martinez,vsutton@example.net,(612)567-9112,Small Business,Gold,2021-11-06,Online
268,CUST_268,Joseph Roach,mcculloughmaurice@example.org,9466790030,Small Business,Platinum,2022-08-24,In-Store
269,CUST_269,Lauren Johnson,alvarezcandice@example.net,225-576-1165x867,Consumer,Bronze,2023-08-21,In-Store
270,CUST_270,Wendy Leach,christinasmith@example.org,719.228.7156x25006,Consumer,Gold,2023-09-25,Online
271,CUST_271,Ronald Carrillo,elizabeth14@example.net,+1-729-707-0599x483,Small Business,Bronze,2023-04-27,In-Store
272,CUST_272,Jason Carr,irwinlogan@example.org,499.539.6901,Small Business,Gold,2023-05-24,Both
273,CUST_273,William Mcgee,christopherclark@example.com,(698)536-2943x50284,Enterprise,Silver,2022-07-22,Both
274,CUST_274,Stephen Francis,moranjohn@example.net,466-474-7150x41011,Enterprise,Gold,2023-11-12,Online
275,CUST_275,Nathan Norman,douglassimon@example.net,+1-637-946-8548,Consumer,Gold,2022-10-16,Online
276,CUST_276,David Kim,harry52@example.net,001-366-382-2601x07744,Consumer,Bronze,2022-09-23,Online
277,CUST_277,Michelle Ruiz,elizabethgarcia@example.com,(290)575-2499,Small Business,Silver,2022-08-15,Online
278,CUST_278,Brandon Oconnell,frenchmichelle@example.org,435.272.5840x8404,Small Business,Gold,2022-09-01,Both
279,CUST_279,Michael Haynes,sandraalexander@example.org,(635)819-7017,Small Business,Gold,2023-02-19,Online
280,CUST_280,Joshua Mejia,karen95@example.net,316.828.1944x8459,Small Business,Gold,2023-08-09,In-Store
281,CUST_281,Erin Cunningham,lperez@example.org,+1-484-579-4649x892,Enterprise,Platinum,2023-08-26,Both
282,CUST_282,William Johnson,campbelljason@example.net,+1-899-494-3637x300,Consumer,Silver,2022-12-24,In-Store
283,CUST_283,Charles Perez,rogerskiara@example.com,001-725-450-7326,Consumer,Bronze,2022-04-28,In-Store
284,CUST_284,Kim Thomas,prodriguez@example.com,931-734-8104x3949,Consumer,Bronze,2022-07-12,Online
285,CUST_285,Janet Patton,bernardnathaniel@example.com,918.436.4026,Consumer,Bronze,2023-07-30,Online
286,CUST_286,Samantha Foster,allen63@example.net,(258)423-6120x3264,Consumer,Gold,2023-10-10,In-Store
287,CUST_287,Melissa Herrera,hwilliams@example.org,844.493.4752,Consumer,Silver,2022-10-24,Online
288,CUST_288,Andrew Hartman,jamesadams@example.org,+1-431-913-8640x389,Consumer,Silver,2023-07-03,Online
289,CUST_289,Jackie Cox,ericaramos@example.org,(636)731-1324x841,Consumer,Silver,2022-06-05,Online
290,CUST_290,Marcia Andrews,pstephens@example.com,001-762-963-3173x094,Consumer,Gold,2021-11-10,Online
291,CUST_291,Ann Hicks,wsmith@example.com,+1-549-483-5041x4174,Consumer,Bronze,2022-09-03,Online
292,CUST_292,Tyler Chen DDS,frankwashington@example.net,690.633.6613x1765,Consumer,Silver,2023-02-07,Online
293,CUST_293,Jody Lynch,tracyflores@example.net,943-349-2012,Small Business,Silver,2022-05-09,In-Store
294,CUST_294,Christopher Smith,iellis@example.org,531.500.3788,Consumer,Silver,2023-01-18,In-Store
295,CUST_295,Danielle Park,xjones@example.org,(769)537-6917,Consumer,Bronze,2021-09-27,Both
296,CUST_296,Alex Martinez,brooksvalerie@example.com,462-848-8493,Consumer,Gold,2023-02-26,Online
297,CUST_297,Matthew Hawkins,michaelmiller@example.net,296-216-5727x655,Small Business,Platinum,2023-03-30,Online
298,CUST_298,James Norman,nealbrenda@example.org,766.815.5878,Consumer,Silver,2023-02-20,Online
299,CUST_299,Jessica Munoz,steven21@example.org,685.414.6685x1192,Small Business,Gold,2022-01-03,In-Store
300,CUST_300,Michael Smith,codymaldonado@example.net,4039658707,Consumer,Gold,2023-02-24,In-Store
301,CUST_301,David Hess,dchan@example.com,001-668-544-7362x03906,Consumer,Silver,2022-07-10,Online
302,CUST_302,Mr. Rodney Norton DDS,uolson@example.org,372-411-4180x7140,Consumer,Bronze,2022-03-21,Both
303,CUST_303,Anne May,dturner@example.com,001-662-907-9722,Consumer,Silver,2021-09-27,Online
304,CUST_304,Glenn Mueller,vicki72@example.net,+1-465-962-1422,Small Business,Gold,2021-11-23,In-Store
305,CUST_305,Jared Smith,maldonadocody@example.org,(410)671-8029x2328,Small Business,Silver,2022-07-09,Both
306,CUST_306,Walter Bowen,randallcheyenne@example.net,+1-716-294-3838,Enterprise,Platinum,2022-06-29,Both
307,CUST_307,Jason Foster,cynthia20@example.org,(341)416-3966,Consumer,Gold,2023-04-06,In-Store
308,CUST_308,Ashley Weiss,vdiaz@example.com,+1-588-861-6960x81737,Consumer,Gold,2021-08-25,Both
309,CUST_309,Jessica Mcmahon,bonniedavis@example.net,418-278-8914x429,Small Business,Silver,2022-01-06,Online
310,CUST_310,Kimberly Hernandez,bwalters@example.net,481.486.3342,Consumer,Bronze,2022-11-26,Both
311,CUST_311,Tyler Smith,christopher47@example.org,322.470.5367,Consumer,Platinum,2023-11-30,Online
312,CUST_312,Gabriel Munoz,rachelalvarez@example.org,6887131598,Consumer,Gold,2022-12-19,Both
313,CUST_313,Michael Brown,dannylee@example.org,870.919.2584x444,Consumer,Bronze,2023-10-14,In-Store
314,CUST_314,Margaret Mcdonald,dunnjoy@example.org,+1-982-547-4187x44591,Enterprise,Platinum,2023-09-01,Both
315,CUST_315,Gregory Hahn,christinacarter@example.com,+1-625-262-4720,Small Business,Platinum,2022-04-09,In-Store
316,CUST_316,Danielle Ramirez,rhondamccullough@example.org,480-372-3104,Small Business,Silver,2021-11-25,In-Store
317,CUST_317,Adam Riley,william79@example.org,+1-250-637-8736,Consumer,Silver,2022-09-30,In-Store
318,CUST_318,Rebecca Sharp,garnerjustin@example.org,(707)606-1056x041,Consumer,Bronze,2021-07-10,In-Store
319,CUST_319,Brian Thomas,joshuavillegas@example.org,(955)793-4468x1041,Consumer,Bronze,2021-09-04,Online
320,CUST_320,Miranda Anderson,michael81@example.net,3829174005,Consumer,Bronze,2022-03-25,Online
321,CUST_321,Richard Nelson,gallaghererica@example.org,8856709285,Consumer,Gold,2021-10-22,Online
322,CUST_322,Lisa Glenn,rortega@example.com,876.993.6814x05727,Small Business,Bronze,2023-07-29,Online
323,CUST_323,Aaron Bonilla,oliverkevin@example.org,842.607.5896x323,Small Business,Silver,2022-06-09,Both
324,CUST_324,Joshua Duran,jrobinson@example.org,+1-374-891-9951x915,Consumer,Bronze,2021-09-08,Online
325,CUST_325,Rebecca Robbins,zunigadawn@example.org,320.826.8333,Enterprise,Gold,2022-01-28,Both
326,CUST_326,Christopher Brown,carriegarner@example.org,+1-256-288-0358x718,Small Business,Platinum,2023-04-12,Online
327,CUST_327,Nicholas Bell,sarahmartinez@example.com,+1-688-550-9644x57551,Consumer,Bronze,2022-03-26,Online
328,CUST_328,Robert Pham,jacksonchristopher@example.net,2877575685,Small Business,Silver,2023-10-13,Both
329,CUST_329,Anthony Chavez,samantha81@example.com,619.569.2024x9648,Consumer,Silver,2023-11-28,In-Store
330,CUST_330,Barbara Smith,perezpaul@example.org,(461)387-4084x9420,Consumer,Silver,2022-05-12,Online
331,CUST_331,Chad Moore,stephentate@example.com,713.596.6231,Consumer,Bronze,2023-08-14,In-Store
332,CUST_332,Paula Middleton,smithronald@example.org,883.368.3514,Small Business,Silver,2023-05-19,Both
333,CUST_333,Mary Brown,lwells@example.org,327.680.3354x73372,Consumer,Bronze,2021-10-04,Online
334,CUST_334,Jonathan Williams,pamela18@example.org,001-436-825-0011,Consumer,Bronze,2021-07-05,Both
335,CUST_335,Joseph Myers,andrew76@example.com,(358)500-5112,Consumer,Silver,2022-10-11,Both
336,CUST_336,Dr. Kelli Melton,cunninghamheather@example.net,558.882.1843x1716,Consumer,Silver,2022-08-15,In-Store
337,CUST_337,Richard Perez,john15@example.net,001-910-979-0080,Enterprise,Platinum,2022-06-15,Online
338,CUST_338,Annette Johnson,vargasjohn@example.net,001-779-854-5064x9081,Small Business,Silver,2021-12-05,In-Store
339,CUST_339,Kenneth Grimes,amber60@example.net,5269632042,Consumer,Silver,2021-12-15,Online
340,CUST_340,Eric Nelson,mingram@example.com,243.774.8629x0192,Consumer,Silver,2022-01-23,Online
341,CUST_341,Bradley Turner,jesus30@example.com,+1-293-396-2396,Consumer,Bronze,2022-07-12,Online
342,CUST_342,Robert Benson,thomasgreer@example.com,001-649-306-4185x9926,Consumer,Silver,2021-11-07,Online
343,CUST_343,Jeremy Hayes,ygutierrez@example.org,001-893-856-1353x27683,Consumer,Bronze,2021-11-07,Both
344,CUST_344,Alison Lucas,matthew14@example.org,5593881557,Consumer,Platinum,2022-08-02,In-Store
345,CUST_345,Adam Washington,julia78@example.com,716.793.9701x0190,Consumer,Bronze,2022-10-14,In-Store
346,CUST_346,Danielle Long,richard42@example.com,001-864-645-7290x47599,Small Business,Silver,2022-07-21,In-Store
347,CUST_347,Pamela Fleming,jacobgallagher@example.net,360.893.4122,Small Business,Bronze,2023-08-01,Online
348,CUST_348,Joseph Harper,iroman@example.com,(514)317-7830x8924,Consumer,Platinum,2023-04-09,Online
349,CUST_349,Bruce Carter,trujilloandrea@example.com,+1-819-738-5555x74835,Consumer,Silver,2023-06-06,Both
350,CUST_350,Corey Hughes,tonylucas@example.net,698.513.6156x655,Small Business,Gold,2023-04-30,Online
351,CUST_351,Travis Roberson,prestonbrown@example.org,001-370-703-7990,Consumer,Bronze,2021-11-04,Both
352,CUST_352,Carl Navarro,costasarah@example.org,001-554-525-7063x267,Enterprise,Platinum,2022-10-20,Both
353,CUST_353,Matthew Newton,christopher13@example.net,889.770.9724x94626,Small Business,Silver,2023-06-25,In-Store
354,CUST_354,Joseph Wade,hdavies@example.com,489.570.5716,Consumer,Gold,2021-07-07,In-Store
355,CUST_355,Paul Pearson,heather68@example.org,+1-554-525-0551x3329,Consumer,Bronze,2023-02-22,Online
356,CUST_356,Molly Reyes,jenniferwhite@example.org,(972)316-2417,Small Business,Bronze,2022-11-26,Both
357,CUST_357,Tracy Graham,williamsonlynn@example.net,457-411-7704,Consumer,Bronze,2021-12-21,Both
358,CUST_358,Yesenia Arnold,zmclaughlin@example.com,4228382366,Consumer,Silver,2023-01-20,Online
359,CUST_359,Joseph Jones,william75@example.net,390.574.5105x34284,Enterprise,Gold,2023-02-14,Online
360,CUST_360,Patricia Miles,babbott@example.org,565.241.5389x971,Consumer,Bronze,2023-11-11,In-Store
361,CUST_361,Peter Francis,uhowell@example.org,(498)277-5020x13889,Consumer,Gold,2022-07-29,Both
362,CUST_362,Olivia Hart,ngarrett@example.org,464-373-3475,Small Business,Silver,2022-05-27,Online
363,CUST_363,Angela Cervantes,lmoss@example.org,409-844-2503,Consumer,Silver,2023-11-16,In-Store
364,CUST_364,John Barrera,conleyjason@example.net,629-373-3886,Consumer,Silver,2023-03-05,In-Store
365,CUST_365,Joshua Williamson,kristiarnold@example.com,316.948.7870x69218,Enterprise,Gold,2023-02-17,Both
366,CUST_366,Daniel Wall,whitelindsey@example.net,+1-826-715-3733x2896,Consumer,Silver,2023-11-15,Online
367,CUST_367,Barbara Lopez,samanthaperez@example.com,001-452-267-7146x44141,Enterprise,Silver,2022-10-21,Both
368,CUST_368,Jamie Johnson,spencerkevin@example.com,(712)912-4136x25170,Enterprise,Silver,2022-11-24,Both
369,CUST_369,Jamie Matthews MD,ihernandez@example.com,+1-464-514-2117x37055,Consumer,Gold,2021-11-10,Online
370,CUST_370,Edwin Scott,gdelgado@example.net,903-883-1003x586,Consumer,Gold,2022-04-15,Online
371,CUST_371,Gregory Anderson,serickson@example.com,(305)909-5513x3580,Consumer,Bronze,2021-07-17,Both
372,CUST_372,Dr. Andrea Phillips,wcasey@example.org,+1-851-878-0849,Consumer,Bronze,2022-07-07,Online
373,CUST_373,Theresa Mcneil,lbrown@example.org,(742)622-4014x3581,Consumer,Silver,2022-08-17,Both
374,CUST_374,Anthony Watson,denniskenneth@example.org,001-970-725-7747,Small Business,Silver,2022-03-17,In-Store
375,CUST_375,Anthony Forbes,kennethbenton@example.com,521.253.3028,Consumer,Bronze,2022-07-14,Online
376,CUST_376,Amy Lara,qayala@example.com,715-672-1593,Consumer,Bronze,2023-07-17,Both
377,CUST_377,Mr. Victor Larson PhD,pcombs@example.net,001-770-702-2638x1940,Small Business,Gold,2023-02-17,In-Store
378,CUST_378,Stephanie Turner,annaperry@example.net,(302)276-5143,Consumer,Silver,2021-10-11,In-Store
379,CUST_379,Sara Wilson,carterluke@example.net,+1-954-958-0545,Small Business,Bronze,2022-11-19,Online
380,CUST_380,Sherri Stephens,kimberlymoreno@example.org,(612)220-1922,Consumer,Bronze,2023-04-22,In-Store
381,CUST_381,Samuel Carter,rclark@example.com,233-712-4825,Consumer,Bronze,2021-08-10,Online
382,CUST_382,Kara Coleman,stevenparker@example.net,215.640.5153,Small Business,Gold,2023-09-13,Online
383,CUST_383,Elizabeth Butler,beckamy@example.com,(793)863-0570,Small Business,Bronze,2023-10-08,Both
384,CUST_384,Rhonda Edwards,smithwilliam@example.net,353.431.1489,Enterprise,Silver,2022-03-21,Online
385,CUST_385,Jessica Williams,ellisdonna@example.net,791-736-6565x982,Small Business,Gold,2023-09-03,In-Store
386,CUST_386,Philip Webb,michael79@example.net,001-379-515-6832x5334,Small Business,Bronze,2023-05-01,Online
387,CUST_387,John White,yturner@example.com,306-717-9945x2359,Consumer,Silver,2022-08-20,In-Store
388,CUST_388,Sarah Morrison,margaret02@example.com,001-458-537-5774x63143,Consumer,Bronze,2022-01-06,Online
389,CUST_389,Nicholas Koch,ymitchell@example.com,(971)679-4408,Small Business,Bronze,2021-10-28,Both
390,CUST_390,Catherine Reynolds,hoodnancy@example.com,5084508743,Small Business,Silver,2021-08-03,In-Store
391,CUST_391,Kara Wells,mclaughlinrachel@example.com,438.465.6872x7302,Enterprise,Platinum,2023-01-15,Online
392,CUST_392,James Petersen DDS,ernest63@example.com,957.415.6751,Consumer,Gold,2023-10-23,Online
393,CUST_393,Rachel Berg,anthony02@example.org,(741)571-4372,Consumer,Gold,2022-03-19,Online
394,CUST_394,Melinda Kaufman,brenda58@example.net,+1-757-404-3944x39869,Small Business,Silver,2022-05-06,In-Store
395,CUST_395,Melissa Fields,andrewwhitney@example.net,846.346.6366x6877,Consumer,Silver,2022-08-25,Online
396,CUST_396,Chelsea Nichols,sharonbell@example.com,(423)282-9092x324,Enterprise,Silver,2023-03-30,Both
397,CUST_397,Jocelyn Martinez,cynthia82@example.net,+1-432-585-6603x148,Enterprise,Gold,2022-01-18,In-Store
398,CUST_398,Tyler Whitaker,james31@example.org,348-455-1740,Consumer,Gold,2023-08-29,Online
399,CUST_399,Mr. David Wood,esmith@example.net,629-887-7725x821,Small Business,Bronze,2022-11-12,In-Store
400,CUST_400,Paul Porter,hnelson@example.net,001-441-346-4624x7469,Small Business,Bronze,2021-12-13,Both
401,CUST_401,Tiffany Lane,cynthia63@example.org,691-703-5364x01579,Consumer,Bronze,2021-10-31,Online
402,CUST_402,Lori Allen,matthew52@example.net,457-570-5705x32707,Enterprise,Bronze,2022-06-26,Online
403,CUST_403,Caroline Bell,susansimmons@example.net,5685135315,Consumer,Bronze,2022-12-06,Online
404,CUST_404,Hector Lee,derrick00@example.com,001-810-908-7601x857,Small Business,Gold,2023-04-14,Both
405,CUST_405,Kenneth Shaffer,brentwhite@example.com,001-489-498-4150x364,Consumer,Silver,2023-10-21,In-Store
406,CUST_406,Ryan Ramirez,ycarter@example.net,+1-350-269-6981x5873,Enterprise,Platinum,2022-03-28,In-Store
407,CUST_407,Katherine Reyes,ydyer@example.org,001-582-465-7210x62092,Consumer,Gold,2021-07-28,Both
408,CUST_408,Mr. Tracy Washington,shannonarias@example.net,853-617-2023,Consumer,Bronze,2022-06-14,Both
409,CUST_409,Mary Simpson,greenelizabeth@example.net,+1-785-479-9951x9652,Enterprise,Gold,2023-04-18,Both
410,CUST_410,Sydney Clark,jacquelinemartinez@example.com,+1-746-340-9408,Consumer,Bronze,2022-01-20,Both
411,CUST_411,Kristen Gallagher,erodriguez@example.org,+1-852-282-5463x4586,Consumer,Silver,2022-12-20,Online
412,CUST_412,Bryan Sanchez,jessicaperkins@example.org,(388)704-1116,Enterprise,Gold,2021-08-02,Online
413,CUST_413,Jeffrey Rivera,ncox@example.com,(333)730-1786,Enterprise,Gold,2023-04-12,Online
414,CUST_414,Carlos Williamson,sgarza@example.com,(302)546-0828x15220,Consumer,Silver,2023-10-29,Online
415,CUST_415,Mark Clark,xperry@example.com,895-555-7401x154,Small Business,Gold,2022-01-02,In-Store
416,CUST_416,Tyler Hardin,trujilloalex@example.com,800.527.3657x91706,Consumer,Silver,2021-11-09,Both
417,CUST_417,Sarah Fernandez,jacksonbrian@example.org,(488)254-4727,Consumer,Bronze,2022-07-19,Online
418,CUST_418,Toni Odom,wboyer@example.com,(874)982-9201,Consumer,Gold,2022-04-14,Online
419,CUST_419,Samantha Boyd,ashley87@example.net,497.707.9153,Small Business,Gold,2021-12-19,In-Store
420,CUST_420,Alyssa Rivera,kennethcochran@example.org,+1-409-663-2164x076,Small Business,Bronze,2023-02-15,Both
421,CUST_421,Mrs. Sharon Powell,sethbeasley@example.com,736.562.9615,Small Business,Platinum,2021-08-02,Online
422,CUST_422,Scott King,lisaparrish@example.org,+1-754-648-2062x5216,Small Business,Silver,2023-04-30,In-Store
423,CUST_423,James Foley,andersonchristopher@example.net,620.587.9984,Consumer,Gold,2022-07-07,Online
424,CUST_424,Melanie Mitchell,kmoore@example.net,001-998-606-6756,Consumer,Gold,2023-11-17,Online
425,CUST_425,Adam Nelson,christian43@example.org,691-623-5908,Consumer,Silver,2023-12-27,Both
426,CUST_426,Valerie Wells,erikageorge@example.org,+1-647-480-3373x728,Consumer,Bronze,2022-12-04,Both
427,CUST_427,Mrs. Amy Cruz MD,charlesedwin@example.com,841.578.5085,Consumer,Bronze,2023-06-08,Online
428,CUST_428,Tara Cobb,leslieallen@example.net,001-900-224-7516x26052,Enterprise,Gold,2023-08-07,Both
429,CUST_429,Ruth Bradley,salastracy@example.net,(493)729-6332,Consumer,Silver,2022-11-30,In-Store
430,CUST_430,Brittany Ayala,tarasantiago@example.net,463.766.1296,Consumer,Bronze,2022-07-09,Both
431,CUST_431,Ashley Patrick,laceyburns@example.net,(762)400-8844x5000,Consumer,Bronze,2023-11-18,Online
432,CUST_432,Melanie Chaney,brichards@example.net,+1-210-271-4339x21238,Small Business,Gold,2022-01-22,In-Store
433,CUST_433,Luke Davis,amorgan@example.net,+1-912-575-2495x2935,Small Business,Platinum,2023-08-03,In-Store
434,CUST_434,Michael Green,fpowers@example.com,426-629-1504x8139,Consumer,Silver,2021-09-28,In-Store
435,CUST_435,Juan Ellis,johnsalinas@example.org,(602)384-6224,Consumer,Bronze,2023-05-08,Online
436,CUST_436,Jason Holt,othomas@example.org,001-527-489-6273x07087,Small Business,Silver,2022-04-01,Online
437,CUST_437,Lorraine Hansen,spencernicholas@example.net,(772)975-6014x61235,Consumer,Bronze,2023-11-03,Online
438,CUST_438,Wendy Walker,bholmes@example.org,001-384-359-0996x675,Small Business,Platinum,2022-03-02,Both
439,CUST_439,Anthony Ross,jonryan@example.org,(626)908-7662,Small Business,Bronze,2022-02-17,Online
440,CUST_440,Paul Kaiser,singletonmaria@example.com,211.234.8169,Consumer,Silver,2022-07-16,In-Store
441,CUST_441,Mary Johnson,carrie96@example.org,468-806-8037x983,Consumer,Bronze,2021-08-11,Both
442,CUST_442,John Thomas,amystewart@example.org,6928404991,Enterprise,Gold,2022-01-17,Online
443,CUST_443,Mr. Colin Cole,david43@example.org,001-820-821-9057x576,Consumer,Silver,2023-06-02,In-Store
444,CUST_444,Veronica Bentley,owensgina@example.org,319-218-7986x455,Consumer,Gold,2023-01-02,Online
445,CUST_445,Diana Parker,sophia10@example.com,(870)265-3810x2461,Small Business,Silver,2022-09-25,Both
446,CUST_446,Steven Blackwell,hallchristian@example.com,898-813-3514x71241,Enterprise,Bronze,2023-09-04,Online
447,CUST_447,James English,patrick25@example.org,658.550.0352,Enterprise,Silver,2021-08-26,Both
448,CUST_448,Michael Edwards,xharris@example.net,674.217.0439,Small Business,Platinum,2022-03-08,Both
449,CUST_449,Rebecca Wagner,karisavage@example.net,+1-227-841-1261x950,Consumer,Gold,2023-07-05,Both
450,CUST_450,Christina Martin,ywhite@example.org,651-913-3280x16343,Consumer,Silver,2022-09-01,In-Store
451,CUST_451,Kaitlin Thornton,sanchezdale@example.net,001-211-908-3189,Small Business,Gold,2022-12-06,In-Store
452,CUST_452,Megan Montoya,clarkmitchell@example.com,(480)229-4951x6078,Consumer,Silver,2023-04-04,In-Store
453,CUST_453,Benjamin Mason,sschwartz@example.org,001-769-787-9138x395,Consumer,Bronze,2023-12-01,Both
454,CUST_454,Jesse Chavez,xcruz@example.net,001-897-222-7990x7298,Enterprise,Platinum,2022-05-11,Both
455,CUST_455,Carrie Ward,nicholaslittle@example.org,545-412-0403x971,Consumer,Silver,2023-12-12,Online
456,CUST_456,Christopher Hoffman,hernandezrobert@example.net,001-349-370-2907x701,Consumer,Bronze,2022-04-25,Both
457,CUST_457,Chelsea Sims,tli@example.com,2066938218,Consumer,Silver,2023-07-06,In-Store
458,CUST_458,Brian Grant,richard39@example.net,001-926-501-2428x17608,Consumer,Bronze,2023-02-12,In-Store
459,CUST_459,Sarah Gardner DDS,gillespiewanda@example.com,001-219-632-9022x38945,Consumer,Bronze,2023-06-19,Online
460,CUST_460,Steven Salinas,michael22@example.net,375-722-0586x178,Consumer,Silver,2023-11-04,In-Store
461,CUST_461,Amanda Stevenson,kleinbethany@example.com,(633)316-1632x727,Consumer,Bronze,2021-09-02,Online
462,CUST_462,Christina Castro,jameswilliamson@example.net,001-997-283-6801x982,Small Business,Gold,2022-10-22,In-Store
463,CUST_463,Michele Osborne,browndave@example.com,001-225-867-0776x9064,Small Business,Silver,2023-05-16,Online
464,CUST_464,Sheila Turner,thompsonlisa@example.org,(353)972-9995x403,Consumer,Bronze,2022-09-08,In-Store
465,CUST_465,Christina Cook,ryan54@example.org,(812)773-4022,Enterprise,Gold,2022-08-21,Both
466,CUST_466,Regina Kennedy,valerie66@example.com,(415)498-5663,Consumer,Bronze,2022-04-13,Online
467,CUST_467,Karla Dorsey,regina26@example.org,(408)555-1153x1472,Consumer,Silver,2023-02-17,Both
468,CUST_468,John Boyer,steven02@example.com,902-369-6316x80597,Enterprise,Gold,2021-12-21,In-Store
469,CUST_469,Joshua Morrow,ricardo17@example.com,(555)816-0042x27235,Consumer,Silver,2023-03-15,Both
470,CUST_470,Tammy Brown,riverasusan@example.com,001-617-291-7825,Enterprise,Gold,2022-02-24,Both
471,CUST_471,Adrian Williams,mathew93@example.org,(850)561-5407x580,Consumer,Silver,2022-03-01,In-Store
472,CUST_472,Sean Montgomery,iwilliams@example.org,001-728-322-5804,Enterprise,Platinum,2022-09-21,Both
473,CUST_473,Jennifer King,ashley12@example.org,001-222-736-9576x39982,Consumer,Silver,2022-02-08,Both
474,CUST_474,Marilyn Franco,calvindunn@example.net,929.791.7466x759,Enterprise,Silver,2022-05-11,In-Store
475,CUST_475,Joshua Garcia,ronniecrawford@example.net,(503)448-0662x94651,Consumer,Bronze,2021-08-14,Online
476,CUST_476,Thomas Trujillo,frodriguez@example.com,+1-295-514-7244x9063,Enterprise,Gold,2023-10-06,Both
477,CUST_477,Laurie Burns,watkinsmatthew@example.net,634-574-2058,Consumer,Silver,2022-05-19,Both
478,CUST_478,Michael Peterson,xsuarez@example.net,343.563.0083x7693,Consumer,Bronze,2022-04-04,In-Store
479,CUST_479,Carla Armstrong,xkelly@example.org,+1-629-359-9608x6050,Enterprise,Gold,2022-07-05,Both
480,CUST_480,James Freeman,debrajohnson@example.org,861-884-7692,Consumer,Silver,2022-05-28,Online
481,CUST_481,Elizabeth Guerra,debra64@example.com,434.848.5684,Small Business,Silver,2023-12-15,Both
482,CUST_482,Catherine Turner,kball@example.com,478-280-4405x9747,Small Business,Gold,2022-09-25,Online
483,CUST_483,William Randall,lcase@example.com,5882032820,Consumer,Bronze,2022-03-07,In-Store
484,CUST_484,Ashley Terry,james47@example.net,+1-848-439-1292x1326,Small Business,Bronze,2022-04-24,Online
485,CUST_485,Darlene Jones,christina11@example.org,001-297-934-6976,Consumer,Silver,2023-04-03,Online
486,CUST_486,Nathan Lopez,mitchell76@example.org,8473431278,Enterprise,Gold,2023-09-20,In-Store
487,CUST_487,Autumn Hinton,chad73@example.net,4684413773,Consumer,Silver,2022-06-10,Online
488,CUST_488,Rachel Love,pearsonwilliam@example.com,969.228.3367,Consumer,Silver,2021-07-28,In-Store
489,CUST_489,Susan Morales,anthonydonovan@example.net,858-216-6218,Enterprise,Silver,2021-07-23,In-Store
490,CUST_490,Mathew Roberts,fhall@example.net,315-883-6721,Enterprise,Platinum,2021-12-13,In-Store
491,CUST_491,Anthony Freeman,ykramer@example.com,(587)556-1290,Consumer,Gold,2023-05-12,Online
492,CUST_492,Katie Ramos,christophercampbell@example.org,2983451028,Small Business,Gold,2023-12-12,Online
493,CUST_493,Tony Martin,rebeccaclark@example.com,001-430-955-4346x71550,Consumer,Bronze,2022-11-03,Online
494,CUST_494,Holly Sandoval,powerstony@example.net,(369)302-2640x3316,Consumer,Silver,2023-10-11,Online
495,CUST_495,Michael Lee,williamsrhonda@example.com,+1-830-801-8260x05078,Consumer,Bronze,2023-08-17,In-Store
496,CUST_496,Heather Day PhD,levinewilliam@example.net,(452)869-8662x15778,Consumer,Bronze,2021-10-16,In-Store
497,CUST_497,Timothy Ingram,emilysingh@example.com,900.784.5790,Consumer,Gold,2021-08-30,In-Store
498,CUST_498,Christopher Simmons,herrerajoseph@example.com,(279)367-8387x0854,Consumer,Bronze,2023-05-06,Online
499,CUST_499,Ariana Quinn,owensmitchell@example.com,3579588299,Enterprise,Platinum,2021-12-17,In-Store
500,CUST_500,Gloria Perkins,waltersdavid@example.com,202-414-1951,Enterprise,Gold,2022-07-06,Both
